<?xml version="1.0" encoding="utf-8"?>
<annotations>
  <version>1.1</version>
  <meta>
    <task>
      <id>1700745</id>
      <name>label 8124</name>
      <size>58</size>
      <mode>interpolation</mode>
      <overlap>5</overlap>
      <bugtracker></bugtracker>
      <created>2025-10-17 00:00:28.352468+00:00</created>
      <updated>2025-10-17 00:18:09.667434+00:00</updated>
      <subset>default</subset>
      <start_frame>0</start_frame>
      <stop_frame>57</stop_frame>
      <frame_filter></frame_filter>
      <segments>
        <segment>
          <id>3131251</id>
          <start>0</start>
          <stop>57</stop>
          <url>https://app.cvat.ai/api/jobs/3129530</url>
        </segment>
      </segments>
      <owner>
        <username>jcoldanghise</username>
        <email>jcoldanghise@unomaha.edu</email>
      </owner>
      <assignee>
        <username>jcoldanghise</username>
        <email>jcoldanghise@unomaha.edu</email>
      </assignee>
      <labels>
        <label>
          <name>baseball</name>
          <color>#ff355e</color>
          <type>any</type>
          <attributes>
            <attribute>
              <name>moving</name>
              <mutable>False</mutable>
              <input_type>checkbox</input_type>
              <default_value>false</default_value>
              <values>false</values>
            </attribute>
          </attributes>
        </label>
      </labels>
      <original_size>
        <width>2160</width>
        <height>3840</height>
      </original_size>
      <source>IMG_8124.mov</source>
    </task>
    <dumped>2025-10-17 00:20:33.632651+00:00</dumped>
  </meta>
  <track id="0" label="baseball" source="manual">
    <box frame="33" keyframe="1" outside="0" occluded="0" xtl="2005.87" ytl="1410.60" xbr="2160.00" ybr="1541.36" z_order="0">
      <attribute name="moving">true</attribute>
    </box>
    <box frame="34" keyframe="1" outside="1" occluded="0" xtl="2005.87" ytl="1410.60" xbr="2160.00" ybr="1541.36" z_order="0">
      <attribute name="moving">true</attribute>
    </box>
  </track>
  <track id="1" label="baseball" source="manual">
    <box frame="0" keyframe="1" outside="0" occluded="0" xtl="1579.20" ytl="1562.00" xbr="1634.26" ybr="1610.17" z_order="0">
      <attribute name="moving">false</attribute>
    </box>
    <box frame="1" keyframe="1" outside="1" occluded="0" xtl="1579.20" ytl="1562.00" xbr="1634.26" ybr="1610.17" z_order="0">
      <attribute name="moving">false</attribute>
    </box>
  </track>
  <track id="2" label="baseball" source="manual">
    <box frame="0" keyframe="1" outside="0" occluded="0" xtl="1585.40" ytl="1603.29" xbr="1641.14" ybr="1644.58" z_order="0">
      <attribute name="moving">false</attribute>
    </box>
    <box frame="1" keyframe="1" outside="1" occluded="0" xtl="1585.40" ytl="1603.29" xbr="1641.14" ybr="1644.58" z_order="0">
      <attribute name="moving">false</attribute>
    </box>
  </track>
  <track id="3" label="baseball" source="manual">
    <box frame="1" keyframe="1" outside="0" occluded="0" xtl="1579.20" ytl="1562.00" xbr="1634.26" ybr="1610.17" z_order="0">
      <attribute name="moving">false</attribute>
    </box>
    <box frame="2" keyframe="1" outside="1" occluded="0" xtl="1579.20" ytl="1562.00" xbr="1634.26" ybr="1610.17" z_order="0">
      <attribute name="moving">false</attribute>
    </box>
  </track>
  <track id="4" label="baseball" source="manual">
    <box frame="1" keyframe="1" outside="0" occluded="0" xtl="1585.40" ytl="1603.29" xbr="1641.14" ybr="1644.58" z_order="0">
      <attribute name="moving">false</attribute>
    </box>
    <box frame="2" keyframe="1" outside="1" occluded="0" xtl="1585.40" ytl="1603.29" xbr="1641.14" ybr="1644.58" z_order="0">
      <attribute name="moving">false</attribute>
    </box>
  </track>
  <track id="5" label="baseball" source="manual">
    <box frame="2" keyframe="1" outside="0" occluded="0" xtl="1579.20" ytl="1562.00" xbr="1634.26" ybr="1610.17" z_order="0">
      <attribute name="moving">false</attribute>
    </box>
    <box frame="3" keyframe="1" outside="1" occluded="0" xtl="1579.20" ytl="1562.00" xbr="1634.26" ybr="1610.17" z_order="0">
      <attribute name="moving">false</attribute>
    </box>
  </track>
  <track id="6" label="baseball" source="manual">
    <box frame="2" keyframe="1" outside="0" occluded="0" xtl="1585.40" ytl="1603.29" xbr="1641.14" ybr="1644.58" z_order="0">
      <attribute name="moving">false</attribute>
    </box>
    <box frame="3" keyframe="1" outside="1" occluded="0" xtl="1585.40" ytl="1603.29" xbr="1641.14" ybr="1644.58" z_order="0">
      <attribute name="moving">false</attribute>
    </box>
  </track>
  <track id="7" label="baseball" source="manual">
    <box frame="3" keyframe="1" outside="0" occluded="0" xtl="1579.20" ytl="1562.00" xbr="1634.26" ybr="1610.17" z_order="0">
      <attribute name="moving">false</attribute>
    </box>
    <box frame="4" keyframe="1" outside="1" occluded="0" xtl="1579.20" ytl="1562.00" xbr="1634.26" ybr="1610.17" z_order="0">
      <attribute name="moving">false</attribute>
    </box>
  </track>
  <track id="8" label="baseball" source="manual">
    <box frame="3" keyframe="1" outside="0" occluded="0" xtl="1585.40" ytl="1603.29" xbr="1641.14" ybr="1644.58" z_order="0">
      <attribute name="moving">false</attribute>
    </box>
    <box frame="4" keyframe="1" outside="1" occluded="0" xtl="1585.40" ytl="1603.29" xbr="1641.14" ybr="1644.58" z_order="0">
      <attribute name="moving">false</attribute>
    </box>
  </track>
  <track id="9" label="baseball" source="manual">
    <box frame="4" keyframe="1" outside="0" occluded="0" xtl="1579.20" ytl="1562.00" xbr="1634.26" ybr="1610.17" z_order="0">
      <attribute name="moving">false</attribute>
    </box>
    <box frame="5" keyframe="1" outside="1" occluded="0" xtl="1579.20" ytl="1562.00" xbr="1634.26" ybr="1610.17" z_order="0">
      <attribute name="moving">false</attribute>
    </box>
  </track>
  <track id="10" label="baseball" source="manual">
    <box frame="4" keyframe="1" outside="0" occluded="0" xtl="1585.40" ytl="1603.29" xbr="1641.14" ybr="1644.58" z_order="0">
      <attribute name="moving">false</attribute>
    </box>
    <box frame="5" keyframe="1" outside="1" occluded="0" xtl="1585.40" ytl="1603.29" xbr="1641.14" ybr="1644.58" z_order="0">
      <attribute name="moving">false</attribute>
    </box>
  </track>
  <track id="11" label="baseball" source="manual">
    <box frame="5" keyframe="1" outside="0" occluded="0" xtl="1579.20" ytl="1562.00" xbr="1634.26" ybr="1610.17" z_order="0">
      <attribute name="moving">false</attribute>
    </box>
    <box frame="6" keyframe="1" outside="1" occluded="0" xtl="1579.20" ytl="1562.00" xbr="1634.26" ybr="1610.17" z_order="0">
      <attribute name="moving">false</attribute>
    </box>
  </track>
  <track id="12" label="baseball" source="manual">
    <box frame="5" keyframe="1" outside="0" occluded="0" xtl="1585.40" ytl="1603.29" xbr="1641.14" ybr="1644.58" z_order="0">
      <attribute name="moving">false</attribute>
    </box>
    <box frame="6" keyframe="1" outside="1" occluded="0" xtl="1585.40" ytl="1603.29" xbr="1641.14" ybr="1644.58" z_order="0">
      <attribute name="moving">false</attribute>
    </box>
  </track>
  <track id="13" label="baseball" source="manual">
    <box frame="6" keyframe="1" outside="0" occluded="0" xtl="1579.20" ytl="1562.00" xbr="1634.26" ybr="1610.17" z_order="0">
      <attribute name="moving">false</attribute>
    </box>
    <box frame="7" keyframe="1" outside="1" occluded="0" xtl="1579.20" ytl="1562.00" xbr="1634.26" ybr="1610.17" z_order="0">
      <attribute name="moving">false</attribute>
    </box>
  </track>
  <track id="14" label="baseball" source="manual">
    <box frame="6" keyframe="1" outside="0" occluded="0" xtl="1585.40" ytl="1603.29" xbr="1641.14" ybr="1644.58" z_order="0">
      <attribute name="moving">false</attribute>
    </box>
    <box frame="7" keyframe="1" outside="1" occluded="0" xtl="1585.40" ytl="1603.29" xbr="1641.14" ybr="1644.58" z_order="0">
      <attribute name="moving">false</attribute>
    </box>
  </track>
  <track id="15" label="baseball" source="manual">
    <box frame="7" keyframe="1" outside="0" occluded="0" xtl="1579.20" ytl="1562.00" xbr="1634.26" ybr="1610.17" z_order="0">
      <attribute name="moving">false</attribute>
    </box>
    <box frame="8" keyframe="1" outside="1" occluded="0" xtl="1579.20" ytl="1562.00" xbr="1634.26" ybr="1610.17" z_order="0">
      <attribute name="moving">false</attribute>
    </box>
  </track>
  <track id="16" label="baseball" source="manual">
    <box frame="7" keyframe="1" outside="0" occluded="0" xtl="1585.40" ytl="1603.29" xbr="1641.14" ybr="1644.58" z_order="0">
      <attribute name="moving">false</attribute>
    </box>
    <box frame="8" keyframe="1" outside="1" occluded="0" xtl="1585.40" ytl="1603.29" xbr="1641.14" ybr="1644.58" z_order="0">
      <attribute name="moving">false</attribute>
    </box>
  </track>
  <track id="17" label="baseball" source="manual">
    <box frame="8" keyframe="1" outside="0" occluded="0" xtl="1579.20" ytl="1562.00" xbr="1634.26" ybr="1610.17" z_order="0">
      <attribute name="moving">false</attribute>
    </box>
    <box frame="9" keyframe="1" outside="1" occluded="0" xtl="1579.20" ytl="1562.00" xbr="1634.26" ybr="1610.17" z_order="0">
      <attribute name="moving">false</attribute>
    </box>
  </track>
  <track id="18" label="baseball" source="manual">
    <box frame="8" keyframe="1" outside="0" occluded="0" xtl="1585.40" ytl="1603.29" xbr="1641.14" ybr="1644.58" z_order="0">
      <attribute name="moving">false</attribute>
    </box>
    <box frame="9" keyframe="1" outside="1" occluded="0" xtl="1585.40" ytl="1603.29" xbr="1641.14" ybr="1644.58" z_order="0">
      <attribute name="moving">false</attribute>
    </box>
  </track>
  <track id="19" label="baseball" source="manual">
    <box frame="9" keyframe="1" outside="0" occluded="0" xtl="1579.20" ytl="1562.00" xbr="1634.26" ybr="1610.17" z_order="0">
      <attribute name="moving">false</attribute>
    </box>
    <box frame="10" keyframe="1" outside="1" occluded="0" xtl="1579.20" ytl="1562.00" xbr="1634.26" ybr="1610.17" z_order="0">
      <attribute name="moving">false</attribute>
    </box>
  </track>
  <track id="20" label="baseball" source="manual">
    <box frame="9" keyframe="1" outside="0" occluded="0" xtl="1585.40" ytl="1603.29" xbr="1641.14" ybr="1644.58" z_order="0">
      <attribute name="moving">false</attribute>
    </box>
    <box frame="10" keyframe="1" outside="1" occluded="0" xtl="1585.40" ytl="1603.29" xbr="1641.14" ybr="1644.58" z_order="0">
      <attribute name="moving">false</attribute>
    </box>
  </track>
  <track id="21" label="baseball" source="manual">
    <box frame="10" keyframe="1" outside="0" occluded="0" xtl="1579.20" ytl="1562.00" xbr="1634.26" ybr="1610.17" z_order="0">
      <attribute name="moving">false</attribute>
    </box>
    <box frame="11" keyframe="1" outside="1" occluded="0" xtl="1579.20" ytl="1562.00" xbr="1634.26" ybr="1610.17" z_order="0">
      <attribute name="moving">false</attribute>
    </box>
  </track>
  <track id="22" label="baseball" source="manual">
    <box frame="10" keyframe="1" outside="0" occluded="0" xtl="1585.40" ytl="1603.29" xbr="1641.14" ybr="1644.58" z_order="0">
      <attribute name="moving">false</attribute>
    </box>
    <box frame="11" keyframe="1" outside="1" occluded="0" xtl="1585.40" ytl="1603.29" xbr="1641.14" ybr="1644.58" z_order="0">
      <attribute name="moving">false</attribute>
    </box>
  </track>
  <track id="23" label="baseball" source="manual">
    <box frame="11" keyframe="1" outside="0" occluded="0" xtl="1579.20" ytl="1562.00" xbr="1634.26" ybr="1610.17" z_order="0">
      <attribute name="moving">false</attribute>
    </box>
    <box frame="12" keyframe="1" outside="1" occluded="0" xtl="1579.20" ytl="1562.00" xbr="1634.26" ybr="1610.17" z_order="0">
      <attribute name="moving">false</attribute>
    </box>
  </track>
  <track id="24" label="baseball" source="manual">
    <box frame="11" keyframe="1" outside="0" occluded="0" xtl="1585.40" ytl="1603.29" xbr="1641.14" ybr="1644.58" z_order="0">
      <attribute name="moving">false</attribute>
    </box>
    <box frame="12" keyframe="1" outside="1" occluded="0" xtl="1585.40" ytl="1603.29" xbr="1641.14" ybr="1644.58" z_order="0">
      <attribute name="moving">false</attribute>
    </box>
  </track>
  <track id="25" label="baseball" source="manual">
    <box frame="12" keyframe="1" outside="0" occluded="0" xtl="1579.20" ytl="1562.00" xbr="1634.26" ybr="1610.17" z_order="0">
      <attribute name="moving">false</attribute>
    </box>
    <box frame="13" keyframe="1" outside="1" occluded="0" xtl="1579.20" ytl="1562.00" xbr="1634.26" ybr="1610.17" z_order="0">
      <attribute name="moving">false</attribute>
    </box>
  </track>
  <track id="26" label="baseball" source="manual">
    <box frame="12" keyframe="1" outside="0" occluded="0" xtl="1585.40" ytl="1603.29" xbr="1641.14" ybr="1644.58" z_order="0">
      <attribute name="moving">false</attribute>
    </box>
    <box frame="13" keyframe="1" outside="1" occluded="0" xtl="1585.40" ytl="1603.29" xbr="1641.14" ybr="1644.58" z_order="0">
      <attribute name="moving">false</attribute>
    </box>
  </track>
  <track id="27" label="baseball" source="manual">
    <box frame="13" keyframe="1" outside="0" occluded="0" xtl="1579.20" ytl="1562.00" xbr="1634.26" ybr="1610.17" z_order="0">
      <attribute name="moving">false</attribute>
    </box>
    <box frame="14" keyframe="1" outside="1" occluded="0" xtl="1579.20" ytl="1562.00" xbr="1634.26" ybr="1610.17" z_order="0">
      <attribute name="moving">false</attribute>
    </box>
  </track>
  <track id="28" label="baseball" source="manual">
    <box frame="13" keyframe="1" outside="0" occluded="0" xtl="1585.40" ytl="1603.29" xbr="1641.14" ybr="1644.58" z_order="0">
      <attribute name="moving">false</attribute>
    </box>
    <box frame="14" keyframe="1" outside="1" occluded="0" xtl="1585.40" ytl="1603.29" xbr="1641.14" ybr="1644.58" z_order="0">
      <attribute name="moving">false</attribute>
    </box>
  </track>
  <track id="29" label="baseball" source="manual">
    <box frame="14" keyframe="1" outside="0" occluded="0" xtl="1579.20" ytl="1562.00" xbr="1634.26" ybr="1610.17" z_order="0">
      <attribute name="moving">false</attribute>
    </box>
    <box frame="15" keyframe="1" outside="1" occluded="0" xtl="1579.20" ytl="1562.00" xbr="1634.26" ybr="1610.17" z_order="0">
      <attribute name="moving">false</attribute>
    </box>
  </track>
  <track id="30" label="baseball" source="manual">
    <box frame="14" keyframe="1" outside="0" occluded="0" xtl="1585.40" ytl="1603.29" xbr="1641.14" ybr="1644.58" z_order="0">
      <attribute name="moving">false</attribute>
    </box>
    <box frame="15" keyframe="1" outside="1" occluded="0" xtl="1585.40" ytl="1603.29" xbr="1641.14" ybr="1644.58" z_order="0">
      <attribute name="moving">false</attribute>
    </box>
  </track>
  <track id="31" label="baseball" source="manual">
    <box frame="15" keyframe="1" outside="0" occluded="0" xtl="1579.20" ytl="1562.00" xbr="1634.26" ybr="1610.17" z_order="0">
      <attribute name="moving">false</attribute>
    </box>
    <box frame="16" keyframe="1" outside="1" occluded="0" xtl="1579.20" ytl="1562.00" xbr="1634.26" ybr="1610.17" z_order="0">
      <attribute name="moving">false</attribute>
    </box>
  </track>
  <track id="32" label="baseball" source="manual">
    <box frame="15" keyframe="1" outside="0" occluded="0" xtl="1585.40" ytl="1603.29" xbr="1641.14" ybr="1644.58" z_order="0">
      <attribute name="moving">false</attribute>
    </box>
    <box frame="16" keyframe="1" outside="1" occluded="0" xtl="1585.40" ytl="1603.29" xbr="1641.14" ybr="1644.58" z_order="0">
      <attribute name="moving">false</attribute>
    </box>
  </track>
  <track id="33" label="baseball" source="manual">
    <box frame="16" keyframe="1" outside="0" occluded="0" xtl="1579.20" ytl="1562.00" xbr="1634.26" ybr="1610.17" z_order="0">
      <attribute name="moving">false</attribute>
    </box>
    <box frame="17" keyframe="1" outside="1" occluded="0" xtl="1579.20" ytl="1562.00" xbr="1634.26" ybr="1610.17" z_order="0">
      <attribute name="moving">false</attribute>
    </box>
  </track>
  <track id="34" label="baseball" source="manual">
    <box frame="16" keyframe="1" outside="0" occluded="0" xtl="1585.40" ytl="1603.29" xbr="1641.14" ybr="1644.58" z_order="0">
      <attribute name="moving">false</attribute>
    </box>
    <box frame="17" keyframe="1" outside="1" occluded="0" xtl="1585.40" ytl="1603.29" xbr="1641.14" ybr="1644.58" z_order="0">
      <attribute name="moving">false</attribute>
    </box>
  </track>
  <track id="35" label="baseball" source="manual">
    <box frame="17" keyframe="1" outside="0" occluded="0" xtl="1579.20" ytl="1562.00" xbr="1634.26" ybr="1610.17" z_order="0">
      <attribute name="moving">false</attribute>
    </box>
    <box frame="18" keyframe="1" outside="1" occluded="0" xtl="1579.20" ytl="1562.00" xbr="1634.26" ybr="1610.17" z_order="0">
      <attribute name="moving">false</attribute>
    </box>
  </track>
  <track id="36" label="baseball" source="manual">
    <box frame="17" keyframe="1" outside="0" occluded="0" xtl="1585.40" ytl="1603.29" xbr="1641.14" ybr="1644.58" z_order="0">
      <attribute name="moving">false</attribute>
    </box>
    <box frame="18" keyframe="1" outside="1" occluded="0" xtl="1585.40" ytl="1603.29" xbr="1641.14" ybr="1644.58" z_order="0">
      <attribute name="moving">false</attribute>
    </box>
  </track>
  <track id="37" label="baseball" source="manual">
    <box frame="18" keyframe="1" outside="0" occluded="0" xtl="1579.20" ytl="1562.00" xbr="1634.26" ybr="1610.17" z_order="0">
      <attribute name="moving">false</attribute>
    </box>
    <box frame="19" keyframe="1" outside="1" occluded="0" xtl="1579.20" ytl="1562.00" xbr="1634.26" ybr="1610.17" z_order="0">
      <attribute name="moving">false</attribute>
    </box>
  </track>
  <track id="38" label="baseball" source="manual">
    <box frame="18" keyframe="1" outside="0" occluded="0" xtl="1585.40" ytl="1603.29" xbr="1641.14" ybr="1644.58" z_order="0">
      <attribute name="moving">false</attribute>
    </box>
    <box frame="19" keyframe="1" outside="1" occluded="0" xtl="1585.40" ytl="1603.29" xbr="1641.14" ybr="1644.58" z_order="0">
      <attribute name="moving">false</attribute>
    </box>
  </track>
  <track id="39" label="baseball" source="manual">
    <box frame="19" keyframe="1" outside="0" occluded="0" xtl="1579.20" ytl="1562.00" xbr="1634.26" ybr="1610.17" z_order="0">
      <attribute name="moving">false</attribute>
    </box>
    <box frame="20" keyframe="1" outside="1" occluded="0" xtl="1579.20" ytl="1562.00" xbr="1634.26" ybr="1610.17" z_order="0">
      <attribute name="moving">false</attribute>
    </box>
  </track>
  <track id="40" label="baseball" source="manual">
    <box frame="19" keyframe="1" outside="0" occluded="0" xtl="1585.40" ytl="1603.29" xbr="1641.14" ybr="1644.58" z_order="0">
      <attribute name="moving">false</attribute>
    </box>
    <box frame="20" keyframe="1" outside="1" occluded="0" xtl="1585.40" ytl="1603.29" xbr="1641.14" ybr="1644.58" z_order="0">
      <attribute name="moving">false</attribute>
    </box>
  </track>
  <track id="41" label="baseball" source="manual">
    <box frame="20" keyframe="1" outside="0" occluded="0" xtl="1579.20" ytl="1562.00" xbr="1634.26" ybr="1610.17" z_order="0">
      <attribute name="moving">false</attribute>
    </box>
    <box frame="21" keyframe="1" outside="1" occluded="0" xtl="1579.20" ytl="1562.00" xbr="1634.26" ybr="1610.17" z_order="0">
      <attribute name="moving">false</attribute>
    </box>
  </track>
  <track id="42" label="baseball" source="manual">
    <box frame="20" keyframe="1" outside="0" occluded="0" xtl="1585.40" ytl="1603.29" xbr="1641.14" ybr="1644.58" z_order="0">
      <attribute name="moving">false</attribute>
    </box>
    <box frame="21" keyframe="1" outside="1" occluded="0" xtl="1585.40" ytl="1603.29" xbr="1641.14" ybr="1644.58" z_order="0">
      <attribute name="moving">false</attribute>
    </box>
  </track>
  <track id="43" label="baseball" source="manual">
    <box frame="21" keyframe="1" outside="0" occluded="0" xtl="1579.20" ytl="1562.00" xbr="1634.26" ybr="1610.17" z_order="0">
      <attribute name="moving">false</attribute>
    </box>
    <box frame="22" keyframe="1" outside="1" occluded="0" xtl="1579.20" ytl="1562.00" xbr="1634.26" ybr="1610.17" z_order="0">
      <attribute name="moving">false</attribute>
    </box>
  </track>
  <track id="44" label="baseball" source="manual">
    <box frame="21" keyframe="1" outside="0" occluded="0" xtl="1585.40" ytl="1603.29" xbr="1641.14" ybr="1644.58" z_order="0">
      <attribute name="moving">false</attribute>
    </box>
    <box frame="22" keyframe="1" outside="1" occluded="0" xtl="1585.40" ytl="1603.29" xbr="1641.14" ybr="1644.58" z_order="0">
      <attribute name="moving">false</attribute>
    </box>
  </track>
  <track id="45" label="baseball" source="manual">
    <box frame="22" keyframe="1" outside="0" occluded="0" xtl="1579.20" ytl="1562.00" xbr="1634.26" ybr="1610.17" z_order="0">
      <attribute name="moving">false</attribute>
    </box>
    <box frame="23" keyframe="1" outside="1" occluded="0" xtl="1579.20" ytl="1562.00" xbr="1634.26" ybr="1610.17" z_order="0">
      <attribute name="moving">false</attribute>
    </box>
  </track>
  <track id="46" label="baseball" source="manual">
    <box frame="22" keyframe="1" outside="0" occluded="0" xtl="1585.40" ytl="1603.29" xbr="1641.14" ybr="1644.58" z_order="0">
      <attribute name="moving">false</attribute>
    </box>
    <box frame="23" keyframe="1" outside="1" occluded="0" xtl="1585.40" ytl="1603.29" xbr="1641.14" ybr="1644.58" z_order="0">
      <attribute name="moving">false</attribute>
    </box>
  </track>
  <track id="47" label="baseball" source="manual">
    <box frame="23" keyframe="1" outside="0" occluded="0" xtl="1579.20" ytl="1562.00" xbr="1634.26" ybr="1610.17" z_order="0">
      <attribute name="moving">false</attribute>
    </box>
    <box frame="24" keyframe="1" outside="1" occluded="0" xtl="1579.20" ytl="1562.00" xbr="1634.26" ybr="1610.17" z_order="0">
      <attribute name="moving">false</attribute>
    </box>
  </track>
  <track id="48" label="baseball" source="manual">
    <box frame="23" keyframe="1" outside="0" occluded="0" xtl="1585.40" ytl="1603.29" xbr="1641.14" ybr="1644.58" z_order="0">
      <attribute name="moving">false</attribute>
    </box>
    <box frame="24" keyframe="1" outside="1" occluded="0" xtl="1585.40" ytl="1603.29" xbr="1641.14" ybr="1644.58" z_order="0">
      <attribute name="moving">false</attribute>
    </box>
  </track>
  <track id="49" label="baseball" source="manual">
    <box frame="24" keyframe="1" outside="0" occluded="0" xtl="1579.20" ytl="1562.00" xbr="1634.26" ybr="1610.17" z_order="0">
      <attribute name="moving">false</attribute>
    </box>
    <box frame="25" keyframe="1" outside="1" occluded="0" xtl="1579.20" ytl="1562.00" xbr="1634.26" ybr="1610.17" z_order="0">
      <attribute name="moving">false</attribute>
    </box>
  </track>
  <track id="50" label="baseball" source="manual">
    <box frame="24" keyframe="1" outside="0" occluded="0" xtl="1585.40" ytl="1603.29" xbr="1641.14" ybr="1644.58" z_order="0">
      <attribute name="moving">false</attribute>
    </box>
    <box frame="25" keyframe="1" outside="1" occluded="0" xtl="1585.40" ytl="1603.29" xbr="1641.14" ybr="1644.58" z_order="0">
      <attribute name="moving">false</attribute>
    </box>
  </track>
  <track id="51" label="baseball" source="manual">
    <box frame="25" keyframe="1" outside="0" occluded="0" xtl="1579.20" ytl="1562.00" xbr="1634.26" ybr="1610.17" z_order="0">
      <attribute name="moving">false</attribute>
    </box>
    <box frame="26" keyframe="1" outside="1" occluded="0" xtl="1579.20" ytl="1562.00" xbr="1634.26" ybr="1610.17" z_order="0">
      <attribute name="moving">false</attribute>
    </box>
  </track>
  <track id="52" label="baseball" source="manual">
    <box frame="25" keyframe="1" outside="0" occluded="0" xtl="1585.40" ytl="1603.29" xbr="1641.14" ybr="1644.58" z_order="0">
      <attribute name="moving">false</attribute>
    </box>
    <box frame="26" keyframe="1" outside="1" occluded="0" xtl="1585.40" ytl="1603.29" xbr="1641.14" ybr="1644.58" z_order="0">
      <attribute name="moving">false</attribute>
    </box>
  </track>
  <track id="53" label="baseball" source="manual">
    <box frame="26" keyframe="1" outside="0" occluded="0" xtl="1579.20" ytl="1562.00" xbr="1634.26" ybr="1610.17" z_order="0">
      <attribute name="moving">false</attribute>
    </box>
    <box frame="27" keyframe="1" outside="1" occluded="0" xtl="1579.20" ytl="1562.00" xbr="1634.26" ybr="1610.17" z_order="0">
      <attribute name="moving">false</attribute>
    </box>
  </track>
  <track id="54" label="baseball" source="manual">
    <box frame="26" keyframe="1" outside="0" occluded="0" xtl="1585.40" ytl="1603.29" xbr="1641.14" ybr="1644.58" z_order="0">
      <attribute name="moving">false</attribute>
    </box>
    <box frame="27" keyframe="1" outside="1" occluded="0" xtl="1585.40" ytl="1603.29" xbr="1641.14" ybr="1644.58" z_order="0">
      <attribute name="moving">false</attribute>
    </box>
  </track>
  <track id="55" label="baseball" source="manual">
    <box frame="27" keyframe="1" outside="0" occluded="0" xtl="1579.20" ytl="1562.00" xbr="1634.26" ybr="1610.17" z_order="0">
      <attribute name="moving">false</attribute>
    </box>
    <box frame="28" keyframe="1" outside="1" occluded="0" xtl="1579.20" ytl="1562.00" xbr="1634.26" ybr="1610.17" z_order="0">
      <attribute name="moving">false</attribute>
    </box>
  </track>
  <track id="56" label="baseball" source="manual">
    <box frame="27" keyframe="1" outside="0" occluded="0" xtl="1585.40" ytl="1603.29" xbr="1641.14" ybr="1644.58" z_order="0">
      <attribute name="moving">false</attribute>
    </box>
    <box frame="28" keyframe="1" outside="1" occluded="0" xtl="1585.40" ytl="1603.29" xbr="1641.14" ybr="1644.58" z_order="0">
      <attribute name="moving">false</attribute>
    </box>
  </track>
  <track id="57" label="baseball" source="manual">
    <box frame="28" keyframe="1" outside="0" occluded="0" xtl="1579.20" ytl="1562.00" xbr="1634.26" ybr="1610.17" z_order="0">
      <attribute name="moving">false</attribute>
    </box>
    <box frame="29" keyframe="1" outside="1" occluded="0" xtl="1579.20" ytl="1562.00" xbr="1634.26" ybr="1610.17" z_order="0">
      <attribute name="moving">false</attribute>
    </box>
  </track>
  <track id="58" label="baseball" source="manual">
    <box frame="28" keyframe="1" outside="0" occluded="0" xtl="1585.40" ytl="1603.29" xbr="1641.14" ybr="1644.58" z_order="0">
      <attribute name="moving">false</attribute>
    </box>
    <box frame="29" keyframe="1" outside="1" occluded="0" xtl="1585.40" ytl="1603.29" xbr="1641.14" ybr="1644.58" z_order="0">
      <attribute name="moving">false</attribute>
    </box>
  </track>
  <track id="59" label="baseball" source="manual">
    <box frame="29" keyframe="1" outside="0" occluded="0" xtl="1579.20" ytl="1562.00" xbr="1634.26" ybr="1610.17" z_order="0">
      <attribute name="moving">false</attribute>
    </box>
    <box frame="30" keyframe="1" outside="1" occluded="0" xtl="1579.20" ytl="1562.00" xbr="1634.26" ybr="1610.17" z_order="0">
      <attribute name="moving">false</attribute>
    </box>
  </track>
  <track id="60" label="baseball" source="manual">
    <box frame="29" keyframe="1" outside="0" occluded="0" xtl="1585.40" ytl="1603.29" xbr="1641.14" ybr="1644.58" z_order="0">
      <attribute name="moving">false</attribute>
    </box>
    <box frame="30" keyframe="1" outside="1" occluded="0" xtl="1585.40" ytl="1603.29" xbr="1641.14" ybr="1644.58" z_order="0">
      <attribute name="moving">false</attribute>
    </box>
  </track>
  <track id="61" label="baseball" source="manual">
    <box frame="30" keyframe="1" outside="0" occluded="0" xtl="1579.20" ytl="1562.00" xbr="1634.26" ybr="1610.17" z_order="0">
      <attribute name="moving">false</attribute>
    </box>
    <box frame="31" keyframe="1" outside="1" occluded="0" xtl="1579.20" ytl="1562.00" xbr="1634.26" ybr="1610.17" z_order="0">
      <attribute name="moving">false</attribute>
    </box>
  </track>
  <track id="62" label="baseball" source="manual">
    <box frame="30" keyframe="1" outside="0" occluded="0" xtl="1585.40" ytl="1603.29" xbr="1641.14" ybr="1644.58" z_order="0">
      <attribute name="moving">false</attribute>
    </box>
    <box frame="31" keyframe="1" outside="1" occluded="0" xtl="1585.40" ytl="1603.29" xbr="1641.14" ybr="1644.58" z_order="0">
      <attribute name="moving">false</attribute>
    </box>
  </track>
  <track id="63" label="baseball" source="manual">
    <box frame="31" keyframe="1" outside="0" occluded="0" xtl="1579.20" ytl="1562.00" xbr="1634.26" ybr="1610.17" z_order="0">
      <attribute name="moving">false</attribute>
    </box>
    <box frame="32" keyframe="1" outside="1" occluded="0" xtl="1579.20" ytl="1562.00" xbr="1634.26" ybr="1610.17" z_order="0">
      <attribute name="moving">false</attribute>
    </box>
  </track>
  <track id="64" label="baseball" source="manual">
    <box frame="31" keyframe="1" outside="0" occluded="0" xtl="1585.40" ytl="1603.29" xbr="1641.14" ybr="1644.58" z_order="0">
      <attribute name="moving">false</attribute>
    </box>
    <box frame="32" keyframe="1" outside="1" occluded="0" xtl="1585.40" ytl="1603.29" xbr="1641.14" ybr="1644.58" z_order="0">
      <attribute name="moving">false</attribute>
    </box>
  </track>
  <track id="65" label="baseball" source="manual">
    <box frame="32" keyframe="1" outside="0" occluded="0" xtl="1579.20" ytl="1562.00" xbr="1634.26" ybr="1610.17" z_order="0">
      <attribute name="moving">false</attribute>
    </box>
    <box frame="33" keyframe="1" outside="1" occluded="0" xtl="1579.20" ytl="1562.00" xbr="1634.26" ybr="1610.17" z_order="0">
      <attribute name="moving">false</attribute>
    </box>
  </track>
  <track id="66" label="baseball" source="manual">
    <box frame="32" keyframe="1" outside="0" occluded="0" xtl="1585.40" ytl="1603.29" xbr="1641.14" ybr="1644.58" z_order="0">
      <attribute name="moving">false</attribute>
    </box>
    <box frame="33" keyframe="1" outside="1" occluded="0" xtl="1585.40" ytl="1603.29" xbr="1641.14" ybr="1644.58" z_order="0">
      <attribute name="moving">false</attribute>
    </box>
  </track>
  <track id="67" label="baseball" source="manual">
    <box frame="33" keyframe="1" outside="0" occluded="0" xtl="1579.20" ytl="1562.00" xbr="1634.26" ybr="1610.17" z_order="0">
      <attribute name="moving">false</attribute>
    </box>
    <box frame="34" keyframe="1" outside="1" occluded="0" xtl="1579.20" ytl="1562.00" xbr="1634.26" ybr="1610.17" z_order="0">
      <attribute name="moving">false</attribute>
    </box>
  </track>
  <track id="68" label="baseball" source="manual">
    <box frame="33" keyframe="1" outside="0" occluded="0" xtl="1585.40" ytl="1603.29" xbr="1641.14" ybr="1644.58" z_order="0">
      <attribute name="moving">false</attribute>
    </box>
    <box frame="34" keyframe="1" outside="1" occluded="0" xtl="1585.40" ytl="1603.29" xbr="1641.14" ybr="1644.58" z_order="0">
      <attribute name="moving">false</attribute>
    </box>
  </track>
  <track id="69" label="baseball" source="manual">
    <box frame="34" keyframe="1" outside="0" occluded="0" xtl="1579.20" ytl="1562.00" xbr="1634.26" ybr="1610.17" z_order="0">
      <attribute name="moving">false</attribute>
    </box>
    <box frame="35" keyframe="1" outside="1" occluded="0" xtl="1579.20" ytl="1562.00" xbr="1634.26" ybr="1610.17" z_order="0">
      <attribute name="moving">false</attribute>
    </box>
  </track>
  <track id="70" label="baseball" source="manual">
    <box frame="34" keyframe="1" outside="0" occluded="0" xtl="1585.40" ytl="1603.29" xbr="1641.14" ybr="1644.58" z_order="0">
      <attribute name="moving">false</attribute>
    </box>
    <box frame="35" keyframe="1" outside="1" occluded="0" xtl="1585.40" ytl="1603.29" xbr="1641.14" ybr="1644.58" z_order="0">
      <attribute name="moving">false</attribute>
    </box>
  </track>
  <track id="71" label="baseball" source="manual">
    <box frame="35" keyframe="1" outside="0" occluded="0" xtl="1579.20" ytl="1562.00" xbr="1634.26" ybr="1610.17" z_order="0">
      <attribute name="moving">false</attribute>
    </box>
    <box frame="36" keyframe="1" outside="1" occluded="0" xtl="1579.20" ytl="1562.00" xbr="1634.26" ybr="1610.17" z_order="0">
      <attribute name="moving">false</attribute>
    </box>
  </track>
  <track id="72" label="baseball" source="manual">
    <box frame="35" keyframe="1" outside="0" occluded="0" xtl="1585.40" ytl="1603.29" xbr="1641.14" ybr="1644.58" z_order="0">
      <attribute name="moving">false</attribute>
    </box>
    <box frame="36" keyframe="1" outside="1" occluded="0" xtl="1585.40" ytl="1603.29" xbr="1641.14" ybr="1644.58" z_order="0">
      <attribute name="moving">false</attribute>
    </box>
  </track>
  <track id="73" label="baseball" source="manual">
    <box frame="36" keyframe="1" outside="0" occluded="0" xtl="1579.20" ytl="1562.00" xbr="1634.26" ybr="1610.17" z_order="0">
      <attribute name="moving">false</attribute>
    </box>
    <box frame="37" keyframe="1" outside="1" occluded="0" xtl="1579.20" ytl="1562.00" xbr="1634.26" ybr="1610.17" z_order="0">
      <attribute name="moving">false</attribute>
    </box>
  </track>
  <track id="74" label="baseball" source="manual">
    <box frame="36" keyframe="1" outside="0" occluded="0" xtl="1585.40" ytl="1603.29" xbr="1641.14" ybr="1644.58" z_order="0">
      <attribute name="moving">false</attribute>
    </box>
    <box frame="37" keyframe="1" outside="1" occluded="0" xtl="1585.40" ytl="1603.29" xbr="1641.14" ybr="1644.58" z_order="0">
      <attribute name="moving">false</attribute>
    </box>
  </track>
  <track id="75" label="baseball" source="manual">
    <box frame="37" keyframe="1" outside="0" occluded="0" xtl="1579.20" ytl="1562.00" xbr="1634.26" ybr="1610.17" z_order="0">
      <attribute name="moving">false</attribute>
    </box>
    <box frame="38" keyframe="1" outside="1" occluded="0" xtl="1579.20" ytl="1562.00" xbr="1634.26" ybr="1610.17" z_order="0">
      <attribute name="moving">false</attribute>
    </box>
  </track>
  <track id="76" label="baseball" source="manual">
    <box frame="37" keyframe="1" outside="0" occluded="0" xtl="1585.40" ytl="1603.29" xbr="1641.14" ybr="1644.58" z_order="0">
      <attribute name="moving">false</attribute>
    </box>
    <box frame="38" keyframe="1" outside="1" occluded="0" xtl="1585.40" ytl="1603.29" xbr="1641.14" ybr="1644.58" z_order="0">
      <attribute name="moving">false</attribute>
    </box>
  </track>
  <track id="77" label="baseball" source="manual">
    <box frame="38" keyframe="1" outside="0" occluded="0" xtl="1579.20" ytl="1562.00" xbr="1634.26" ybr="1610.17" z_order="0">
      <attribute name="moving">false</attribute>
    </box>
    <box frame="39" keyframe="1" outside="1" occluded="0" xtl="1579.20" ytl="1562.00" xbr="1634.26" ybr="1610.17" z_order="0">
      <attribute name="moving">false</attribute>
    </box>
  </track>
  <track id="78" label="baseball" source="manual">
    <box frame="38" keyframe="1" outside="0" occluded="0" xtl="1585.40" ytl="1603.29" xbr="1641.14" ybr="1644.58" z_order="0">
      <attribute name="moving">false</attribute>
    </box>
    <box frame="39" keyframe="1" outside="1" occluded="0" xtl="1585.40" ytl="1603.29" xbr="1641.14" ybr="1644.58" z_order="0">
      <attribute name="moving">false</attribute>
    </box>
  </track>
  <track id="79" label="baseball" source="manual">
    <box frame="39" keyframe="1" outside="0" occluded="0" xtl="1579.20" ytl="1562.00" xbr="1634.26" ybr="1610.17" z_order="0">
      <attribute name="moving">false</attribute>
    </box>
    <box frame="40" keyframe="1" outside="1" occluded="0" xtl="1579.20" ytl="1562.00" xbr="1634.26" ybr="1610.17" z_order="0">
      <attribute name="moving">false</attribute>
    </box>
  </track>
  <track id="80" label="baseball" source="manual">
    <box frame="39" keyframe="1" outside="0" occluded="0" xtl="1585.40" ytl="1603.29" xbr="1641.14" ybr="1644.58" z_order="0">
      <attribute name="moving">false</attribute>
    </box>
    <box frame="40" keyframe="1" outside="1" occluded="0" xtl="1585.40" ytl="1603.29" xbr="1641.14" ybr="1644.58" z_order="0">
      <attribute name="moving">false</attribute>
    </box>
  </track>
  <track id="81" label="baseball" source="manual">
    <box frame="40" keyframe="1" outside="0" occluded="0" xtl="1579.20" ytl="1562.00" xbr="1634.26" ybr="1610.17" z_order="0">
      <attribute name="moving">false</attribute>
    </box>
    <box frame="41" keyframe="1" outside="1" occluded="0" xtl="1579.20" ytl="1562.00" xbr="1634.26" ybr="1610.17" z_order="0">
      <attribute name="moving">false</attribute>
    </box>
  </track>
  <track id="82" label="baseball" source="manual">
    <box frame="40" keyframe="1" outside="0" occluded="0" xtl="1585.40" ytl="1603.29" xbr="1641.14" ybr="1644.58" z_order="0">
      <attribute name="moving">false</attribute>
    </box>
    <box frame="41" keyframe="1" outside="1" occluded="0" xtl="1585.40" ytl="1603.29" xbr="1641.14" ybr="1644.58" z_order="0">
      <attribute name="moving">false</attribute>
    </box>
  </track>
  <track id="83" label="baseball" source="manual">
    <box frame="41" keyframe="1" outside="0" occluded="0" xtl="1579.20" ytl="1562.00" xbr="1634.26" ybr="1610.17" z_order="0">
      <attribute name="moving">false</attribute>
    </box>
    <box frame="42" keyframe="1" outside="1" occluded="0" xtl="1579.20" ytl="1562.00" xbr="1634.26" ybr="1610.17" z_order="0">
      <attribute name="moving">false</attribute>
    </box>
  </track>
  <track id="84" label="baseball" source="manual">
    <box frame="41" keyframe="1" outside="0" occluded="0" xtl="1585.40" ytl="1603.29" xbr="1641.14" ybr="1644.58" z_order="0">
      <attribute name="moving">false</attribute>
    </box>
    <box frame="42" keyframe="1" outside="1" occluded="0" xtl="1585.40" ytl="1603.29" xbr="1641.14" ybr="1644.58" z_order="0">
      <attribute name="moving">false</attribute>
    </box>
  </track>
  <track id="85" label="baseball" source="manual">
    <box frame="42" keyframe="1" outside="0" occluded="0" xtl="1579.20" ytl="1562.00" xbr="1634.26" ybr="1610.17" z_order="0">
      <attribute name="moving">false</attribute>
    </box>
    <box frame="43" keyframe="1" outside="1" occluded="0" xtl="1579.20" ytl="1562.00" xbr="1634.26" ybr="1610.17" z_order="0">
      <attribute name="moving">false</attribute>
    </box>
  </track>
  <track id="86" label="baseball" source="manual">
    <box frame="42" keyframe="1" outside="0" occluded="0" xtl="1585.40" ytl="1603.29" xbr="1641.14" ybr="1644.58" z_order="0">
      <attribute name="moving">false</attribute>
    </box>
    <box frame="43" keyframe="1" outside="1" occluded="0" xtl="1585.40" ytl="1603.29" xbr="1641.14" ybr="1644.58" z_order="0">
      <attribute name="moving">false</attribute>
    </box>
  </track>
  <track id="87" label="baseball" source="manual">
    <box frame="43" keyframe="1" outside="0" occluded="0" xtl="1579.20" ytl="1562.00" xbr="1634.26" ybr="1610.17" z_order="0">
      <attribute name="moving">false</attribute>
    </box>
    <box frame="44" keyframe="1" outside="1" occluded="0" xtl="1579.20" ytl="1562.00" xbr="1634.26" ybr="1610.17" z_order="0">
      <attribute name="moving">false</attribute>
    </box>
  </track>
  <track id="88" label="baseball" source="manual">
    <box frame="43" keyframe="1" outside="0" occluded="0" xtl="1585.40" ytl="1603.29" xbr="1641.14" ybr="1644.58" z_order="0">
      <attribute name="moving">false</attribute>
    </box>
    <box frame="44" keyframe="1" outside="1" occluded="0" xtl="1585.40" ytl="1603.29" xbr="1641.14" ybr="1644.58" z_order="0">
      <attribute name="moving">false</attribute>
    </box>
  </track>
  <track id="89" label="baseball" source="manual">
    <box frame="44" keyframe="1" outside="0" occluded="0" xtl="1579.20" ytl="1562.00" xbr="1634.26" ybr="1610.17" z_order="0">
      <attribute name="moving">false</attribute>
    </box>
    <box frame="45" keyframe="1" outside="1" occluded="0" xtl="1579.20" ytl="1562.00" xbr="1634.26" ybr="1610.17" z_order="0">
      <attribute name="moving">false</attribute>
    </box>
  </track>
  <track id="90" label="baseball" source="manual">
    <box frame="44" keyframe="1" outside="0" occluded="0" xtl="1585.40" ytl="1603.29" xbr="1641.14" ybr="1644.58" z_order="0">
      <attribute name="moving">false</attribute>
    </box>
    <box frame="45" keyframe="1" outside="1" occluded="0" xtl="1585.40" ytl="1603.29" xbr="1641.14" ybr="1644.58" z_order="0">
      <attribute name="moving">false</attribute>
    </box>
  </track>
  <track id="91" label="baseball" source="manual">
    <box frame="45" keyframe="1" outside="0" occluded="0" xtl="1579.20" ytl="1562.00" xbr="1634.26" ybr="1610.17" z_order="0">
      <attribute name="moving">false</attribute>
    </box>
    <box frame="46" keyframe="1" outside="1" occluded="0" xtl="1579.20" ytl="1562.00" xbr="1634.26" ybr="1610.17" z_order="0">
      <attribute name="moving">false</attribute>
    </box>
  </track>
  <track id="92" label="baseball" source="manual">
    <box frame="45" keyframe="1" outside="0" occluded="0" xtl="1585.40" ytl="1603.29" xbr="1641.14" ybr="1644.58" z_order="0">
      <attribute name="moving">false</attribute>
    </box>
    <box frame="46" keyframe="1" outside="1" occluded="0" xtl="1585.40" ytl="1603.29" xbr="1641.14" ybr="1644.58" z_order="0">
      <attribute name="moving">false</attribute>
    </box>
  </track>
  <track id="93" label="baseball" source="manual">
    <box frame="46" keyframe="1" outside="0" occluded="0" xtl="1579.20" ytl="1562.00" xbr="1634.26" ybr="1610.17" z_order="0">
      <attribute name="moving">false</attribute>
    </box>
    <box frame="47" keyframe="1" outside="1" occluded="0" xtl="1579.20" ytl="1562.00" xbr="1634.26" ybr="1610.17" z_order="0">
      <attribute name="moving">false</attribute>
    </box>
  </track>
  <track id="94" label="baseball" source="manual">
    <box frame="46" keyframe="1" outside="0" occluded="0" xtl="1585.40" ytl="1603.29" xbr="1641.14" ybr="1644.58" z_order="0">
      <attribute name="moving">false</attribute>
    </box>
    <box frame="47" keyframe="1" outside="1" occluded="0" xtl="1585.40" ytl="1603.29" xbr="1641.14" ybr="1644.58" z_order="0">
      <attribute name="moving">false</attribute>
    </box>
  </track>
  <track id="95" label="baseball" source="manual">
    <box frame="47" keyframe="1" outside="0" occluded="0" xtl="1579.20" ytl="1562.00" xbr="1634.26" ybr="1610.17" z_order="0">
      <attribute name="moving">false</attribute>
    </box>
    <box frame="48" keyframe="1" outside="1" occluded="0" xtl="1579.20" ytl="1562.00" xbr="1634.26" ybr="1610.17" z_order="0">
      <attribute name="moving">false</attribute>
    </box>
  </track>
  <track id="96" label="baseball" source="manual">
    <box frame="47" keyframe="1" outside="0" occluded="0" xtl="1585.40" ytl="1603.29" xbr="1641.14" ybr="1644.58" z_order="0">
      <attribute name="moving">false</attribute>
    </box>
    <box frame="48" keyframe="1" outside="1" occluded="0" xtl="1585.40" ytl="1603.29" xbr="1641.14" ybr="1644.58" z_order="0">
      <attribute name="moving">false</attribute>
    </box>
  </track>
  <track id="97" label="baseball" source="manual">
    <box frame="48" keyframe="1" outside="0" occluded="0" xtl="1579.20" ytl="1562.00" xbr="1634.26" ybr="1610.17" z_order="0">
      <attribute name="moving">false</attribute>
    </box>
    <box frame="49" keyframe="1" outside="1" occluded="0" xtl="1579.20" ytl="1562.00" xbr="1634.26" ybr="1610.17" z_order="0">
      <attribute name="moving">false</attribute>
    </box>
  </track>
  <track id="98" label="baseball" source="manual">
    <box frame="48" keyframe="1" outside="0" occluded="0" xtl="1585.40" ytl="1603.29" xbr="1641.14" ybr="1644.58" z_order="0">
      <attribute name="moving">false</attribute>
    </box>
    <box frame="49" keyframe="1" outside="1" occluded="0" xtl="1585.40" ytl="1603.29" xbr="1641.14" ybr="1644.58" z_order="0">
      <attribute name="moving">false</attribute>
    </box>
  </track>
  <track id="99" label="baseball" source="manual">
    <box frame="49" keyframe="1" outside="0" occluded="0" xtl="1579.20" ytl="1562.00" xbr="1634.26" ybr="1610.17" z_order="0">
      <attribute name="moving">false</attribute>
    </box>
    <box frame="50" keyframe="1" outside="1" occluded="0" xtl="1579.20" ytl="1562.00" xbr="1634.26" ybr="1610.17" z_order="0">
      <attribute name="moving">false</attribute>
    </box>
  </track>
  <track id="100" label="baseball" source="manual">
    <box frame="49" keyframe="1" outside="0" occluded="0" xtl="1585.40" ytl="1603.29" xbr="1641.14" ybr="1644.58" z_order="0">
      <attribute name="moving">false</attribute>
    </box>
    <box frame="50" keyframe="1" outside="1" occluded="0" xtl="1585.40" ytl="1603.29" xbr="1641.14" ybr="1644.58" z_order="0">
      <attribute name="moving">false</attribute>
    </box>
  </track>
  <track id="101" label="baseball" source="manual">
    <box frame="50" keyframe="1" outside="0" occluded="0" xtl="1579.20" ytl="1562.00" xbr="1634.26" ybr="1610.17" z_order="0">
      <attribute name="moving">false</attribute>
    </box>
    <box frame="51" keyframe="1" outside="1" occluded="0" xtl="1579.20" ytl="1562.00" xbr="1634.26" ybr="1610.17" z_order="0">
      <attribute name="moving">false</attribute>
    </box>
  </track>
  <track id="102" label="baseball" source="manual">
    <box frame="50" keyframe="1" outside="0" occluded="0" xtl="1585.40" ytl="1603.29" xbr="1641.14" ybr="1644.58" z_order="0">
      <attribute name="moving">false</attribute>
    </box>
    <box frame="51" keyframe="1" outside="1" occluded="0" xtl="1585.40" ytl="1603.29" xbr="1641.14" ybr="1644.58" z_order="0">
      <attribute name="moving">false</attribute>
    </box>
  </track>
  <track id="103" label="baseball" source="manual">
    <box frame="51" keyframe="1" outside="0" occluded="0" xtl="1579.20" ytl="1562.00" xbr="1634.26" ybr="1610.17" z_order="0">
      <attribute name="moving">false</attribute>
    </box>
    <box frame="52" keyframe="1" outside="1" occluded="0" xtl="1579.20" ytl="1562.00" xbr="1634.26" ybr="1610.17" z_order="0">
      <attribute name="moving">false</attribute>
    </box>
  </track>
  <track id="104" label="baseball" source="manual">
    <box frame="51" keyframe="1" outside="0" occluded="0" xtl="1585.40" ytl="1603.29" xbr="1641.14" ybr="1644.58" z_order="0">
      <attribute name="moving">false</attribute>
    </box>
    <box frame="52" keyframe="1" outside="1" occluded="0" xtl="1585.40" ytl="1603.29" xbr="1641.14" ybr="1644.58" z_order="0">
      <attribute name="moving">false</attribute>
    </box>
  </track>
  <track id="105" label="baseball" source="manual">
    <box frame="52" keyframe="1" outside="0" occluded="0" xtl="1579.20" ytl="1562.00" xbr="1634.26" ybr="1610.17" z_order="0">
      <attribute name="moving">false</attribute>
    </box>
    <box frame="53" keyframe="1" outside="1" occluded="0" xtl="1579.20" ytl="1562.00" xbr="1634.26" ybr="1610.17" z_order="0">
      <attribute name="moving">false</attribute>
    </box>
  </track>
  <track id="106" label="baseball" source="manual">
    <box frame="52" keyframe="1" outside="0" occluded="0" xtl="1585.40" ytl="1603.29" xbr="1641.14" ybr="1644.58" z_order="0">
      <attribute name="moving">false</attribute>
    </box>
    <box frame="53" keyframe="1" outside="1" occluded="0" xtl="1585.40" ytl="1603.29" xbr="1641.14" ybr="1644.58" z_order="0">
      <attribute name="moving">false</attribute>
    </box>
  </track>
  <track id="107" label="baseball" source="manual">
    <box frame="53" keyframe="1" outside="0" occluded="0" xtl="1579.20" ytl="1562.00" xbr="1634.26" ybr="1610.17" z_order="0">
      <attribute name="moving">false</attribute>
    </box>
    <box frame="54" keyframe="1" outside="1" occluded="0" xtl="1579.20" ytl="1562.00" xbr="1634.26" ybr="1610.17" z_order="0">
      <attribute name="moving">false</attribute>
    </box>
  </track>
  <track id="108" label="baseball" source="manual">
    <box frame="53" keyframe="1" outside="0" occluded="0" xtl="1585.40" ytl="1603.29" xbr="1641.14" ybr="1644.58" z_order="0">
      <attribute name="moving">false</attribute>
    </box>
    <box frame="54" keyframe="1" outside="1" occluded="0" xtl="1585.40" ytl="1603.29" xbr="1641.14" ybr="1644.58" z_order="0">
      <attribute name="moving">false</attribute>
    </box>
  </track>
  <track id="109" label="baseball" source="manual">
    <box frame="54" keyframe="1" outside="0" occluded="0" xtl="1579.20" ytl="1562.00" xbr="1634.26" ybr="1610.17" z_order="0">
      <attribute name="moving">false</attribute>
    </box>
    <box frame="55" keyframe="1" outside="1" occluded="0" xtl="1579.20" ytl="1562.00" xbr="1634.26" ybr="1610.17" z_order="0">
      <attribute name="moving">false</attribute>
    </box>
  </track>
  <track id="110" label="baseball" source="manual">
    <box frame="54" keyframe="1" outside="0" occluded="0" xtl="1585.40" ytl="1603.29" xbr="1641.14" ybr="1644.58" z_order="0">
      <attribute name="moving">false</attribute>
    </box>
    <box frame="55" keyframe="1" outside="1" occluded="0" xtl="1585.40" ytl="1603.29" xbr="1641.14" ybr="1644.58" z_order="0">
      <attribute name="moving">false</attribute>
    </box>
  </track>
  <track id="111" label="baseball" source="manual">
    <box frame="55" keyframe="1" outside="0" occluded="0" xtl="1579.20" ytl="1562.00" xbr="1634.26" ybr="1610.17" z_order="0">
      <attribute name="moving">false</attribute>
    </box>
    <box frame="56" keyframe="1" outside="1" occluded="0" xtl="1579.20" ytl="1562.00" xbr="1634.26" ybr="1610.17" z_order="0">
      <attribute name="moving">false</attribute>
    </box>
  </track>
  <track id="112" label="baseball" source="manual">
    <box frame="55" keyframe="1" outside="0" occluded="0" xtl="1585.40" ytl="1603.29" xbr="1641.14" ybr="1644.58" z_order="0">
      <attribute name="moving">false</attribute>
    </box>
    <box frame="56" keyframe="1" outside="1" occluded="0" xtl="1585.40" ytl="1603.29" xbr="1641.14" ybr="1644.58" z_order="0">
      <attribute name="moving">false</attribute>
    </box>
  </track>
  <track id="113" label="baseball" source="manual">
    <box frame="56" keyframe="1" outside="0" occluded="0" xtl="1579.20" ytl="1562.00" xbr="1634.26" ybr="1610.17" z_order="0">
      <attribute name="moving">false</attribute>
    </box>
  </track>
  <track id="114" label="baseball" source="manual">
    <box frame="56" keyframe="1" outside="0" occluded="0" xtl="1585.40" ytl="1603.29" xbr="1641.14" ybr="1644.58" z_order="0">
      <attribute name="moving">false</attribute>
    </box>
  </track>
  <track id="115" label="baseball" source="manual">
    <box frame="57" keyframe="1" outside="0" occluded="0" xtl="1579.20" ytl="1562.00" xbr="1634.26" ybr="1610.17" z_order="0">
      <attribute name="moving">false</attribute>
    </box>
  </track>
  <track id="116" label="baseball" source="manual">
    <box frame="57" keyframe="1" outside="0" occluded="0" xtl="1585.40" ytl="1603.29" xbr="1641.14" ybr="1644.58" z_order="0">
      <attribute name="moving">false</attribute>
    </box>
  </track>
</annotations>
