<?xml version="1.0" encoding="utf-8"?>
<annotations>
  <version>1.1</version>
  <meta>
    <task>
      <id>1700763</id>
      <name>IMG_8121</name>
      <size>55</size>
      <mode>interpolation</mode>
      <overlap>5</overlap>
      <bugtracker></bugtracker>
      <created>2025-10-17 00:08:58.266786+00:00</created>
      <updated>2025-10-17 00:18:28.366765+00:00</updated>
      <subset>default</subset>
      <start_frame>0</start_frame>
      <stop_frame>54</stop_frame>
      <frame_filter></frame_filter>
      <segments>
        <segment>
          <id>3131265</id>
          <start>0</start>
          <stop>54</stop>
          <url>https://app.cvat.ai/api/jobs/3129544</url>
        </segment>
      </segments>
      <owner>
        <username>scott982</username>
        <email>scottricketts1@gmail.com</email>
      </owner>
      <assignee>
        <username>scott982</username>
        <email>scottricketts1@gmail.com</email>
      </assignee>
      <labels>
        <label>
          <name>Baseball</name>
          <color>#c04080</color>
          <type>rectangle</type>
          <attributes>
            <attribute>
              <name>moving</name>
              <mutable>False</mutable>
              <input_type>checkbox</input_type>
              <default_value>false</default_value>
              <values>false</values>
            </attribute>
          </attributes>
        </label>
      </labels>
      <original_size>
        <width>2160</width>
        <height>3840</height>
      </original_size>
      <source>IMG_8121_scott.mov</source>
    </task>
    <dumped>2025-10-17 00:28:57.717536+00:00</dumped>
  </meta>
  <track id="0" label="Baseball" source="manual">
    <box frame="33" keyframe="1" outside="0" occluded="0" xtl="1895.97" ytl="1312.45" xbr="2158.96" ybr="1422.03" z_order="0">
      <attribute name="moving">false</attribute>
    </box>
    <box frame="34" keyframe="1" outside="1" occluded="0" xtl="1895.97" ytl="1312.45" xbr="2158.96" ybr="1422.03" z_order="0">
      <attribute name="moving">false</attribute>
    </box>
  </track>
  <track id="1" label="Baseball" source="manual">
    <box frame="0" keyframe="1" outside="0" occluded="0" xtl="1582.19" ytl="1599.48" xbr="1629.77" ybr="1642.30" z_order="0">
      <attribute name="moving">false</attribute>
    </box>
    <box frame="1" keyframe="0" outside="0" occluded="0" xtl="1582.19" ytl="1599.48" xbr="1629.77" ybr="1642.30" z_order="0">
      <attribute name="moving">false</attribute>
    </box>
    <box frame="2" keyframe="0" outside="0" occluded="0" xtl="1582.19" ytl="1599.48" xbr="1629.77" ybr="1642.30" z_order="0">
      <attribute name="moving">false</attribute>
    </box>
    <box frame="3" keyframe="0" outside="0" occluded="0" xtl="1582.19" ytl="1599.48" xbr="1629.77" ybr="1642.30" z_order="0">
      <attribute name="moving">false</attribute>
    </box>
    <box frame="4" keyframe="0" outside="0" occluded="0" xtl="1582.19" ytl="1599.48" xbr="1629.77" ybr="1642.30" z_order="0">
      <attribute name="moving">false</attribute>
    </box>
    <box frame="5" keyframe="0" outside="0" occluded="0" xtl="1582.19" ytl="1599.48" xbr="1629.77" ybr="1642.30" z_order="0">
      <attribute name="moving">false</attribute>
    </box>
    <box frame="6" keyframe="0" outside="0" occluded="0" xtl="1582.19" ytl="1599.48" xbr="1629.77" ybr="1642.30" z_order="0">
      <attribute name="moving">false</attribute>
    </box>
    <box frame="7" keyframe="0" outside="0" occluded="0" xtl="1582.19" ytl="1599.48" xbr="1629.77" ybr="1642.30" z_order="0">
      <attribute name="moving">false</attribute>
    </box>
    <box frame="8" keyframe="0" outside="0" occluded="0" xtl="1582.19" ytl="1599.48" xbr="1629.77" ybr="1642.30" z_order="0">
      <attribute name="moving">false</attribute>
    </box>
    <box frame="9" keyframe="0" outside="0" occluded="0" xtl="1582.19" ytl="1599.48" xbr="1629.77" ybr="1642.30" z_order="0">
      <attribute name="moving">false</attribute>
    </box>
    <box frame="10" keyframe="0" outside="0" occluded="0" xtl="1582.19" ytl="1599.48" xbr="1629.77" ybr="1642.30" z_order="0">
      <attribute name="moving">false</attribute>
    </box>
    <box frame="11" keyframe="0" outside="0" occluded="0" xtl="1582.19" ytl="1599.48" xbr="1629.77" ybr="1642.30" z_order="0">
      <attribute name="moving">false</attribute>
    </box>
    <box frame="12" keyframe="0" outside="0" occluded="0" xtl="1582.19" ytl="1599.48" xbr="1629.77" ybr="1642.30" z_order="0">
      <attribute name="moving">false</attribute>
    </box>
    <box frame="13" keyframe="0" outside="0" occluded="0" xtl="1582.19" ytl="1599.48" xbr="1629.77" ybr="1642.30" z_order="0">
      <attribute name="moving">false</attribute>
    </box>
    <box frame="14" keyframe="0" outside="0" occluded="0" xtl="1582.19" ytl="1599.48" xbr="1629.77" ybr="1642.30" z_order="0">
      <attribute name="moving">false</attribute>
    </box>
    <box frame="15" keyframe="0" outside="0" occluded="0" xtl="1582.19" ytl="1599.48" xbr="1629.77" ybr="1642.30" z_order="0">
      <attribute name="moving">false</attribute>
    </box>
    <box frame="16" keyframe="0" outside="0" occluded="0" xtl="1582.19" ytl="1599.48" xbr="1629.77" ybr="1642.30" z_order="0">
      <attribute name="moving">false</attribute>
    </box>
    <box frame="17" keyframe="0" outside="0" occluded="0" xtl="1582.19" ytl="1599.48" xbr="1629.77" ybr="1642.30" z_order="0">
      <attribute name="moving">false</attribute>
    </box>
    <box frame="18" keyframe="0" outside="0" occluded="0" xtl="1582.19" ytl="1599.48" xbr="1629.77" ybr="1642.30" z_order="0">
      <attribute name="moving">false</attribute>
    </box>
    <box frame="19" keyframe="0" outside="0" occluded="0" xtl="1582.19" ytl="1599.48" xbr="1629.77" ybr="1642.30" z_order="0">
      <attribute name="moving">false</attribute>
    </box>
    <box frame="20" keyframe="0" outside="0" occluded="0" xtl="1582.19" ytl="1599.48" xbr="1629.77" ybr="1642.30" z_order="0">
      <attribute name="moving">false</attribute>
    </box>
    <box frame="21" keyframe="0" outside="0" occluded="0" xtl="1582.19" ytl="1599.48" xbr="1629.77" ybr="1642.30" z_order="0">
      <attribute name="moving">false</attribute>
    </box>
    <box frame="22" keyframe="0" outside="0" occluded="0" xtl="1582.19" ytl="1599.48" xbr="1629.77" ybr="1642.30" z_order="0">
      <attribute name="moving">false</attribute>
    </box>
    <box frame="23" keyframe="0" outside="0" occluded="0" xtl="1582.19" ytl="1599.48" xbr="1629.77" ybr="1642.30" z_order="0">
      <attribute name="moving">false</attribute>
    </box>
    <box frame="24" keyframe="0" outside="0" occluded="0" xtl="1582.19" ytl="1599.48" xbr="1629.77" ybr="1642.30" z_order="0">
      <attribute name="moving">false</attribute>
    </box>
    <box frame="25" keyframe="0" outside="0" occluded="0" xtl="1582.19" ytl="1599.48" xbr="1629.77" ybr="1642.30" z_order="0">
      <attribute name="moving">false</attribute>
    </box>
    <box frame="26" keyframe="0" outside="0" occluded="0" xtl="1582.19" ytl="1599.48" xbr="1629.77" ybr="1642.30" z_order="0">
      <attribute name="moving">false</attribute>
    </box>
    <box frame="27" keyframe="0" outside="0" occluded="0" xtl="1582.19" ytl="1599.48" xbr="1629.77" ybr="1642.30" z_order="0">
      <attribute name="moving">false</attribute>
    </box>
    <box frame="28" keyframe="0" outside="0" occluded="0" xtl="1582.19" ytl="1599.48" xbr="1629.77" ybr="1642.30" z_order="0">
      <attribute name="moving">false</attribute>
    </box>
    <box frame="29" keyframe="0" outside="0" occluded="0" xtl="1582.19" ytl="1599.48" xbr="1629.77" ybr="1642.30" z_order="0">
      <attribute name="moving">false</attribute>
    </box>
    <box frame="30" keyframe="0" outside="0" occluded="0" xtl="1582.19" ytl="1599.48" xbr="1629.77" ybr="1642.30" z_order="0">
      <attribute name="moving">false</attribute>
    </box>
    <box frame="31" keyframe="0" outside="0" occluded="0" xtl="1582.19" ytl="1599.48" xbr="1629.77" ybr="1642.30" z_order="0">
      <attribute name="moving">false</attribute>
    </box>
    <box frame="32" keyframe="0" outside="0" occluded="0" xtl="1582.19" ytl="1599.48" xbr="1629.77" ybr="1642.30" z_order="0">
      <attribute name="moving">false</attribute>
    </box>
    <box frame="33" keyframe="0" outside="0" occluded="0" xtl="1582.19" ytl="1599.48" xbr="1629.77" ybr="1642.30" z_order="0">
      <attribute name="moving">false</attribute>
    </box>
    <box frame="34" keyframe="0" outside="0" occluded="0" xtl="1582.19" ytl="1599.48" xbr="1629.77" ybr="1642.30" z_order="0">
      <attribute name="moving">false</attribute>
    </box>
    <box frame="35" keyframe="0" outside="0" occluded="0" xtl="1582.19" ytl="1599.48" xbr="1629.77" ybr="1642.30" z_order="0">
      <attribute name="moving">false</attribute>
    </box>
    <box frame="36" keyframe="0" outside="0" occluded="0" xtl="1582.19" ytl="1599.48" xbr="1629.77" ybr="1642.30" z_order="0">
      <attribute name="moving">false</attribute>
    </box>
    <box frame="37" keyframe="0" outside="0" occluded="0" xtl="1582.19" ytl="1599.48" xbr="1629.77" ybr="1642.30" z_order="0">
      <attribute name="moving">false</attribute>
    </box>
    <box frame="38" keyframe="0" outside="0" occluded="0" xtl="1582.19" ytl="1599.48" xbr="1629.77" ybr="1642.30" z_order="0">
      <attribute name="moving">false</attribute>
    </box>
    <box frame="39" keyframe="0" outside="0" occluded="0" xtl="1582.19" ytl="1599.48" xbr="1629.77" ybr="1642.30" z_order="0">
      <attribute name="moving">false</attribute>
    </box>
    <box frame="40" keyframe="0" outside="0" occluded="0" xtl="1582.19" ytl="1599.48" xbr="1629.77" ybr="1642.30" z_order="0">
      <attribute name="moving">false</attribute>
    </box>
    <box frame="41" keyframe="0" outside="0" occluded="0" xtl="1582.19" ytl="1599.48" xbr="1629.77" ybr="1642.30" z_order="0">
      <attribute name="moving">false</attribute>
    </box>
    <box frame="42" keyframe="0" outside="0" occluded="0" xtl="1582.19" ytl="1599.48" xbr="1629.77" ybr="1642.30" z_order="0">
      <attribute name="moving">false</attribute>
    </box>
    <box frame="43" keyframe="0" outside="0" occluded="0" xtl="1582.19" ytl="1599.48" xbr="1629.77" ybr="1642.30" z_order="0">
      <attribute name="moving">false</attribute>
    </box>
    <box frame="44" keyframe="0" outside="0" occluded="0" xtl="1582.19" ytl="1599.48" xbr="1629.77" ybr="1642.30" z_order="0">
      <attribute name="moving">false</attribute>
    </box>
    <box frame="45" keyframe="0" outside="0" occluded="0" xtl="1582.19" ytl="1599.48" xbr="1629.77" ybr="1642.30" z_order="0">
      <attribute name="moving">false</attribute>
    </box>
    <box frame="46" keyframe="0" outside="0" occluded="0" xtl="1582.19" ytl="1599.48" xbr="1629.77" ybr="1642.30" z_order="0">
      <attribute name="moving">false</attribute>
    </box>
    <box frame="47" keyframe="0" outside="0" occluded="0" xtl="1582.19" ytl="1599.48" xbr="1629.77" ybr="1642.30" z_order="0">
      <attribute name="moving">false</attribute>
    </box>
    <box frame="48" keyframe="0" outside="0" occluded="0" xtl="1582.19" ytl="1599.48" xbr="1629.77" ybr="1642.30" z_order="0">
      <attribute name="moving">false</attribute>
    </box>
    <box frame="49" keyframe="0" outside="0" occluded="0" xtl="1582.19" ytl="1599.48" xbr="1629.77" ybr="1642.30" z_order="0">
      <attribute name="moving">false</attribute>
    </box>
    <box frame="50" keyframe="0" outside="0" occluded="0" xtl="1582.19" ytl="1599.48" xbr="1629.77" ybr="1642.30" z_order="0">
      <attribute name="moving">false</attribute>
    </box>
    <box frame="51" keyframe="0" outside="0" occluded="0" xtl="1582.19" ytl="1599.48" xbr="1629.77" ybr="1642.30" z_order="0">
      <attribute name="moving">false</attribute>
    </box>
    <box frame="52" keyframe="0" outside="0" occluded="0" xtl="1582.19" ytl="1599.48" xbr="1629.77" ybr="1642.30" z_order="0">
      <attribute name="moving">false</attribute>
    </box>
    <box frame="53" keyframe="0" outside="0" occluded="0" xtl="1582.19" ytl="1599.48" xbr="1629.77" ybr="1642.30" z_order="0">
      <attribute name="moving">false</attribute>
    </box>
    <box frame="54" keyframe="0" outside="0" occluded="0" xtl="1582.19" ytl="1599.48" xbr="1629.77" ybr="1642.30" z_order="0">
      <attribute name="moving">false</attribute>
    </box>
  </track>
  <track id="2" label="Baseball" source="manual">
    <box frame="0" keyframe="1" outside="0" occluded="0" xtl="1583.78" ytl="1569.35" xbr="1629.77" ybr="1604.24" z_order="0">
      <attribute name="moving">false</attribute>
    </box>
    <box frame="1" keyframe="0" outside="0" occluded="0" xtl="1583.78" ytl="1569.35" xbr="1629.77" ybr="1604.24" z_order="0">
      <attribute name="moving">false</attribute>
    </box>
    <box frame="2" keyframe="0" outside="0" occluded="0" xtl="1583.78" ytl="1569.35" xbr="1629.77" ybr="1604.24" z_order="0">
      <attribute name="moving">false</attribute>
    </box>
    <box frame="3" keyframe="0" outside="0" occluded="0" xtl="1583.78" ytl="1569.35" xbr="1629.77" ybr="1604.24" z_order="0">
      <attribute name="moving">false</attribute>
    </box>
    <box frame="4" keyframe="0" outside="0" occluded="0" xtl="1583.78" ytl="1569.35" xbr="1629.77" ybr="1604.24" z_order="0">
      <attribute name="moving">false</attribute>
    </box>
    <box frame="5" keyframe="0" outside="0" occluded="0" xtl="1583.78" ytl="1569.35" xbr="1629.77" ybr="1604.24" z_order="0">
      <attribute name="moving">false</attribute>
    </box>
    <box frame="6" keyframe="0" outside="0" occluded="0" xtl="1583.78" ytl="1569.35" xbr="1629.77" ybr="1604.24" z_order="0">
      <attribute name="moving">false</attribute>
    </box>
    <box frame="7" keyframe="0" outside="0" occluded="0" xtl="1583.78" ytl="1569.35" xbr="1629.77" ybr="1604.24" z_order="0">
      <attribute name="moving">false</attribute>
    </box>
    <box frame="8" keyframe="0" outside="0" occluded="0" xtl="1583.78" ytl="1569.35" xbr="1629.77" ybr="1604.24" z_order="0">
      <attribute name="moving">false</attribute>
    </box>
    <box frame="9" keyframe="0" outside="0" occluded="0" xtl="1583.78" ytl="1569.35" xbr="1629.77" ybr="1604.24" z_order="0">
      <attribute name="moving">false</attribute>
    </box>
    <box frame="10" keyframe="0" outside="0" occluded="0" xtl="1583.78" ytl="1569.35" xbr="1629.77" ybr="1604.24" z_order="0">
      <attribute name="moving">false</attribute>
    </box>
    <box frame="11" keyframe="0" outside="0" occluded="0" xtl="1583.78" ytl="1569.35" xbr="1629.77" ybr="1604.24" z_order="0">
      <attribute name="moving">false</attribute>
    </box>
    <box frame="12" keyframe="0" outside="0" occluded="0" xtl="1583.78" ytl="1569.35" xbr="1629.77" ybr="1604.24" z_order="0">
      <attribute name="moving">false</attribute>
    </box>
    <box frame="13" keyframe="0" outside="0" occluded="0" xtl="1583.78" ytl="1569.35" xbr="1629.77" ybr="1604.24" z_order="0">
      <attribute name="moving">false</attribute>
    </box>
    <box frame="14" keyframe="0" outside="0" occluded="0" xtl="1583.78" ytl="1569.35" xbr="1629.77" ybr="1604.24" z_order="0">
      <attribute name="moving">false</attribute>
    </box>
    <box frame="15" keyframe="0" outside="0" occluded="0" xtl="1583.78" ytl="1569.35" xbr="1629.77" ybr="1604.24" z_order="0">
      <attribute name="moving">false</attribute>
    </box>
    <box frame="16" keyframe="0" outside="0" occluded="0" xtl="1583.78" ytl="1569.35" xbr="1629.77" ybr="1604.24" z_order="0">
      <attribute name="moving">false</attribute>
    </box>
    <box frame="17" keyframe="0" outside="0" occluded="0" xtl="1583.78" ytl="1569.35" xbr="1629.77" ybr="1604.24" z_order="0">
      <attribute name="moving">false</attribute>
    </box>
    <box frame="18" keyframe="0" outside="0" occluded="0" xtl="1583.78" ytl="1569.35" xbr="1629.77" ybr="1604.24" z_order="0">
      <attribute name="moving">false</attribute>
    </box>
    <box frame="19" keyframe="0" outside="0" occluded="0" xtl="1583.78" ytl="1569.35" xbr="1629.77" ybr="1604.24" z_order="0">
      <attribute name="moving">false</attribute>
    </box>
    <box frame="20" keyframe="0" outside="0" occluded="0" xtl="1583.78" ytl="1569.35" xbr="1629.77" ybr="1604.24" z_order="0">
      <attribute name="moving">false</attribute>
    </box>
    <box frame="21" keyframe="0" outside="0" occluded="0" xtl="1583.78" ytl="1569.35" xbr="1629.77" ybr="1604.24" z_order="0">
      <attribute name="moving">false</attribute>
    </box>
    <box frame="22" keyframe="0" outside="0" occluded="0" xtl="1583.78" ytl="1569.35" xbr="1629.77" ybr="1604.24" z_order="0">
      <attribute name="moving">false</attribute>
    </box>
    <box frame="23" keyframe="0" outside="0" occluded="0" xtl="1583.78" ytl="1569.35" xbr="1629.77" ybr="1604.24" z_order="0">
      <attribute name="moving">false</attribute>
    </box>
    <box frame="24" keyframe="0" outside="0" occluded="0" xtl="1583.78" ytl="1569.35" xbr="1629.77" ybr="1604.24" z_order="0">
      <attribute name="moving">false</attribute>
    </box>
    <box frame="25" keyframe="0" outside="0" occluded="0" xtl="1583.78" ytl="1569.35" xbr="1629.77" ybr="1604.24" z_order="0">
      <attribute name="moving">false</attribute>
    </box>
    <box frame="26" keyframe="0" outside="0" occluded="0" xtl="1583.78" ytl="1569.35" xbr="1629.77" ybr="1604.24" z_order="0">
      <attribute name="moving">false</attribute>
    </box>
    <box frame="27" keyframe="0" outside="0" occluded="0" xtl="1583.78" ytl="1569.35" xbr="1629.77" ybr="1604.24" z_order="0">
      <attribute name="moving">false</attribute>
    </box>
    <box frame="28" keyframe="0" outside="0" occluded="0" xtl="1583.78" ytl="1569.35" xbr="1629.77" ybr="1604.24" z_order="0">
      <attribute name="moving">false</attribute>
    </box>
    <box frame="29" keyframe="0" outside="0" occluded="0" xtl="1583.78" ytl="1569.35" xbr="1629.77" ybr="1604.24" z_order="0">
      <attribute name="moving">false</attribute>
    </box>
    <box frame="30" keyframe="0" outside="0" occluded="0" xtl="1583.78" ytl="1569.35" xbr="1629.77" ybr="1604.24" z_order="0">
      <attribute name="moving">false</attribute>
    </box>
    <box frame="31" keyframe="0" outside="0" occluded="0" xtl="1583.78" ytl="1569.35" xbr="1629.77" ybr="1604.24" z_order="0">
      <attribute name="moving">false</attribute>
    </box>
    <box frame="32" keyframe="0" outside="0" occluded="0" xtl="1583.78" ytl="1569.35" xbr="1629.77" ybr="1604.24" z_order="0">
      <attribute name="moving">false</attribute>
    </box>
    <box frame="33" keyframe="0" outside="0" occluded="0" xtl="1583.78" ytl="1569.35" xbr="1629.77" ybr="1604.24" z_order="0">
      <attribute name="moving">false</attribute>
    </box>
    <box frame="34" keyframe="0" outside="0" occluded="0" xtl="1583.78" ytl="1569.35" xbr="1629.77" ybr="1604.24" z_order="0">
      <attribute name="moving">false</attribute>
    </box>
    <box frame="35" keyframe="0" outside="0" occluded="0" xtl="1583.78" ytl="1569.35" xbr="1629.77" ybr="1604.24" z_order="0">
      <attribute name="moving">false</attribute>
    </box>
    <box frame="36" keyframe="0" outside="0" occluded="0" xtl="1583.78" ytl="1569.35" xbr="1629.77" ybr="1604.24" z_order="0">
      <attribute name="moving">false</attribute>
    </box>
    <box frame="37" keyframe="0" outside="0" occluded="0" xtl="1583.78" ytl="1569.35" xbr="1629.77" ybr="1604.24" z_order="0">
      <attribute name="moving">false</attribute>
    </box>
    <box frame="38" keyframe="0" outside="0" occluded="0" xtl="1583.78" ytl="1569.35" xbr="1629.77" ybr="1604.24" z_order="0">
      <attribute name="moving">false</attribute>
    </box>
    <box frame="39" keyframe="0" outside="0" occluded="0" xtl="1583.78" ytl="1569.35" xbr="1629.77" ybr="1604.24" z_order="0">
      <attribute name="moving">false</attribute>
    </box>
    <box frame="40" keyframe="0" outside="0" occluded="0" xtl="1583.78" ytl="1569.35" xbr="1629.77" ybr="1604.24" z_order="0">
      <attribute name="moving">false</attribute>
    </box>
    <box frame="41" keyframe="0" outside="0" occluded="0" xtl="1583.78" ytl="1569.35" xbr="1629.77" ybr="1604.24" z_order="0">
      <attribute name="moving">false</attribute>
    </box>
    <box frame="42" keyframe="0" outside="0" occluded="0" xtl="1583.78" ytl="1569.35" xbr="1629.77" ybr="1604.24" z_order="0">
      <attribute name="moving">false</attribute>
    </box>
    <box frame="43" keyframe="0" outside="0" occluded="0" xtl="1583.78" ytl="1569.35" xbr="1629.77" ybr="1604.24" z_order="0">
      <attribute name="moving">false</attribute>
    </box>
    <box frame="44" keyframe="0" outside="0" occluded="0" xtl="1583.78" ytl="1569.35" xbr="1629.77" ybr="1604.24" z_order="0">
      <attribute name="moving">false</attribute>
    </box>
    <box frame="45" keyframe="0" outside="0" occluded="0" xtl="1583.78" ytl="1569.35" xbr="1629.77" ybr="1604.24" z_order="0">
      <attribute name="moving">false</attribute>
    </box>
    <box frame="46" keyframe="0" outside="0" occluded="0" xtl="1583.78" ytl="1569.35" xbr="1629.77" ybr="1604.24" z_order="0">
      <attribute name="moving">false</attribute>
    </box>
    <box frame="47" keyframe="0" outside="0" occluded="0" xtl="1583.78" ytl="1569.35" xbr="1629.77" ybr="1604.24" z_order="0">
      <attribute name="moving">false</attribute>
    </box>
    <box frame="48" keyframe="0" outside="0" occluded="0" xtl="1583.78" ytl="1569.35" xbr="1629.77" ybr="1604.24" z_order="0">
      <attribute name="moving">false</attribute>
    </box>
    <box frame="49" keyframe="0" outside="0" occluded="0" xtl="1583.78" ytl="1569.35" xbr="1629.77" ybr="1604.24" z_order="0">
      <attribute name="moving">false</attribute>
    </box>
    <box frame="50" keyframe="0" outside="0" occluded="0" xtl="1583.78" ytl="1569.35" xbr="1629.77" ybr="1604.24" z_order="0">
      <attribute name="moving">false</attribute>
    </box>
    <box frame="51" keyframe="0" outside="0" occluded="0" xtl="1583.78" ytl="1569.35" xbr="1629.77" ybr="1604.24" z_order="0">
      <attribute name="moving">false</attribute>
    </box>
    <box frame="52" keyframe="0" outside="0" occluded="0" xtl="1583.78" ytl="1569.35" xbr="1629.77" ybr="1604.24" z_order="0">
      <attribute name="moving">false</attribute>
    </box>
    <box frame="53" keyframe="0" outside="0" occluded="0" xtl="1583.78" ytl="1569.35" xbr="1629.77" ybr="1604.24" z_order="0">
      <attribute name="moving">false</attribute>
    </box>
    <box frame="54" keyframe="0" outside="0" occluded="0" xtl="1583.78" ytl="1569.35" xbr="1629.77" ybr="1604.24" z_order="0">
      <attribute name="moving">false</attribute>
    </box>
  </track>
  <track id="3" label="Baseball" source="manual">
    <box frame="1" keyframe="1" outside="0" occluded="0" xtl="1582.19" ytl="1599.48" xbr="1629.77" ybr="1642.30" z_order="0">
      <attribute name="moving">false</attribute>
    </box>
    <box frame="2" keyframe="1" outside="1" occluded="0" xtl="1582.19" ytl="1599.48" xbr="1629.77" ybr="1642.30" z_order="0">
      <attribute name="moving">false</attribute>
    </box>
  </track>
  <track id="4" label="Baseball" source="manual">
    <box frame="1" keyframe="1" outside="0" occluded="0" xtl="1583.78" ytl="1569.35" xbr="1629.77" ybr="1604.24" z_order="0">
      <attribute name="moving">false</attribute>
    </box>
    <box frame="2" keyframe="1" outside="1" occluded="0" xtl="1583.78" ytl="1569.35" xbr="1629.77" ybr="1604.24" z_order="0">
      <attribute name="moving">false</attribute>
    </box>
  </track>
  <track id="5" label="Baseball" source="manual">
    <box frame="2" keyframe="1" outside="0" occluded="0" xtl="1582.19" ytl="1599.48" xbr="1629.77" ybr="1642.30" z_order="0">
      <attribute name="moving">false</attribute>
    </box>
    <box frame="3" keyframe="1" outside="1" occluded="0" xtl="1582.19" ytl="1599.48" xbr="1629.77" ybr="1642.30" z_order="0">
      <attribute name="moving">false</attribute>
    </box>
  </track>
  <track id="6" label="Baseball" source="manual">
    <box frame="2" keyframe="1" outside="0" occluded="0" xtl="1583.78" ytl="1569.35" xbr="1629.77" ybr="1604.24" z_order="0">
      <attribute name="moving">false</attribute>
    </box>
    <box frame="3" keyframe="1" outside="1" occluded="0" xtl="1583.78" ytl="1569.35" xbr="1629.77" ybr="1604.24" z_order="0">
      <attribute name="moving">false</attribute>
    </box>
  </track>
  <track id="7" label="Baseball" source="manual">
    <box frame="3" keyframe="1" outside="0" occluded="0" xtl="1582.19" ytl="1599.48" xbr="1629.77" ybr="1642.30" z_order="0">
      <attribute name="moving">false</attribute>
    </box>
    <box frame="4" keyframe="1" outside="1" occluded="0" xtl="1582.19" ytl="1599.48" xbr="1629.77" ybr="1642.30" z_order="0">
      <attribute name="moving">false</attribute>
    </box>
  </track>
  <track id="8" label="Baseball" source="manual">
    <box frame="3" keyframe="1" outside="0" occluded="0" xtl="1583.78" ytl="1569.35" xbr="1629.77" ybr="1604.24" z_order="0">
      <attribute name="moving">false</attribute>
    </box>
    <box frame="4" keyframe="1" outside="1" occluded="0" xtl="1583.78" ytl="1569.35" xbr="1629.77" ybr="1604.24" z_order="0">
      <attribute name="moving">false</attribute>
    </box>
  </track>
  <track id="9" label="Baseball" source="manual">
    <box frame="4" keyframe="1" outside="0" occluded="0" xtl="1582.19" ytl="1599.48" xbr="1629.77" ybr="1642.30" z_order="0">
      <attribute name="moving">false</attribute>
    </box>
    <box frame="5" keyframe="1" outside="1" occluded="0" xtl="1582.19" ytl="1599.48" xbr="1629.77" ybr="1642.30" z_order="0">
      <attribute name="moving">false</attribute>
    </box>
  </track>
  <track id="10" label="Baseball" source="manual">
    <box frame="4" keyframe="1" outside="0" occluded="0" xtl="1583.78" ytl="1569.35" xbr="1629.77" ybr="1604.24" z_order="0">
      <attribute name="moving">false</attribute>
    </box>
    <box frame="5" keyframe="1" outside="1" occluded="0" xtl="1583.78" ytl="1569.35" xbr="1629.77" ybr="1604.24" z_order="0">
      <attribute name="moving">false</attribute>
    </box>
  </track>
  <track id="11" label="Baseball" source="manual">
    <box frame="5" keyframe="1" outside="0" occluded="0" xtl="1582.19" ytl="1599.48" xbr="1629.77" ybr="1642.30" z_order="0">
      <attribute name="moving">false</attribute>
    </box>
    <box frame="6" keyframe="1" outside="1" occluded="0" xtl="1582.19" ytl="1599.48" xbr="1629.77" ybr="1642.30" z_order="0">
      <attribute name="moving">false</attribute>
    </box>
  </track>
  <track id="12" label="Baseball" source="manual">
    <box frame="5" keyframe="1" outside="0" occluded="0" xtl="1583.78" ytl="1569.35" xbr="1629.77" ybr="1604.24" z_order="0">
      <attribute name="moving">false</attribute>
    </box>
    <box frame="6" keyframe="1" outside="1" occluded="0" xtl="1583.78" ytl="1569.35" xbr="1629.77" ybr="1604.24" z_order="0">
      <attribute name="moving">false</attribute>
    </box>
  </track>
  <track id="13" label="Baseball" source="manual">
    <box frame="6" keyframe="1" outside="0" occluded="0" xtl="1582.19" ytl="1599.48" xbr="1629.77" ybr="1642.30" z_order="0">
      <attribute name="moving">false</attribute>
    </box>
    <box frame="7" keyframe="1" outside="1" occluded="0" xtl="1582.19" ytl="1599.48" xbr="1629.77" ybr="1642.30" z_order="0">
      <attribute name="moving">false</attribute>
    </box>
  </track>
  <track id="14" label="Baseball" source="manual">
    <box frame="6" keyframe="1" outside="0" occluded="0" xtl="1583.78" ytl="1569.35" xbr="1629.77" ybr="1604.24" z_order="0">
      <attribute name="moving">false</attribute>
    </box>
    <box frame="7" keyframe="1" outside="1" occluded="0" xtl="1583.78" ytl="1569.35" xbr="1629.77" ybr="1604.24" z_order="0">
      <attribute name="moving">false</attribute>
    </box>
  </track>
  <track id="15" label="Baseball" source="manual">
    <box frame="7" keyframe="1" outside="0" occluded="0" xtl="1582.19" ytl="1599.48" xbr="1629.77" ybr="1642.30" z_order="0">
      <attribute name="moving">false</attribute>
    </box>
    <box frame="8" keyframe="1" outside="1" occluded="0" xtl="1582.19" ytl="1599.48" xbr="1629.77" ybr="1642.30" z_order="0">
      <attribute name="moving">false</attribute>
    </box>
  </track>
  <track id="16" label="Baseball" source="manual">
    <box frame="7" keyframe="1" outside="0" occluded="0" xtl="1583.78" ytl="1569.35" xbr="1629.77" ybr="1604.24" z_order="0">
      <attribute name="moving">false</attribute>
    </box>
    <box frame="8" keyframe="1" outside="1" occluded="0" xtl="1583.78" ytl="1569.35" xbr="1629.77" ybr="1604.24" z_order="0">
      <attribute name="moving">false</attribute>
    </box>
  </track>
  <track id="17" label="Baseball" source="manual">
    <box frame="8" keyframe="1" outside="0" occluded="0" xtl="1582.19" ytl="1599.48" xbr="1629.77" ybr="1642.30" z_order="0">
      <attribute name="moving">false</attribute>
    </box>
    <box frame="9" keyframe="1" outside="1" occluded="0" xtl="1582.19" ytl="1599.48" xbr="1629.77" ybr="1642.30" z_order="0">
      <attribute name="moving">false</attribute>
    </box>
  </track>
  <track id="18" label="Baseball" source="manual">
    <box frame="8" keyframe="1" outside="0" occluded="0" xtl="1583.78" ytl="1569.35" xbr="1629.77" ybr="1604.24" z_order="0">
      <attribute name="moving">false</attribute>
    </box>
    <box frame="9" keyframe="1" outside="1" occluded="0" xtl="1583.78" ytl="1569.35" xbr="1629.77" ybr="1604.24" z_order="0">
      <attribute name="moving">false</attribute>
    </box>
  </track>
  <track id="19" label="Baseball" source="manual">
    <box frame="9" keyframe="1" outside="0" occluded="0" xtl="1582.19" ytl="1599.48" xbr="1629.77" ybr="1642.30" z_order="0">
      <attribute name="moving">false</attribute>
    </box>
    <box frame="10" keyframe="1" outside="1" occluded="0" xtl="1582.19" ytl="1599.48" xbr="1629.77" ybr="1642.30" z_order="0">
      <attribute name="moving">false</attribute>
    </box>
  </track>
  <track id="20" label="Baseball" source="manual">
    <box frame="9" keyframe="1" outside="0" occluded="0" xtl="1583.78" ytl="1569.35" xbr="1629.77" ybr="1604.24" z_order="0">
      <attribute name="moving">false</attribute>
    </box>
    <box frame="10" keyframe="1" outside="1" occluded="0" xtl="1583.78" ytl="1569.35" xbr="1629.77" ybr="1604.24" z_order="0">
      <attribute name="moving">false</attribute>
    </box>
  </track>
  <track id="21" label="Baseball" source="manual">
    <box frame="10" keyframe="1" outside="0" occluded="0" xtl="1582.19" ytl="1599.48" xbr="1629.77" ybr="1642.30" z_order="0">
      <attribute name="moving">false</attribute>
    </box>
    <box frame="11" keyframe="1" outside="1" occluded="0" xtl="1582.19" ytl="1599.48" xbr="1629.77" ybr="1642.30" z_order="0">
      <attribute name="moving">false</attribute>
    </box>
  </track>
  <track id="22" label="Baseball" source="manual">
    <box frame="10" keyframe="1" outside="0" occluded="0" xtl="1583.78" ytl="1569.35" xbr="1629.77" ybr="1604.24" z_order="0">
      <attribute name="moving">false</attribute>
    </box>
    <box frame="11" keyframe="1" outside="1" occluded="0" xtl="1583.78" ytl="1569.35" xbr="1629.77" ybr="1604.24" z_order="0">
      <attribute name="moving">false</attribute>
    </box>
  </track>
  <track id="23" label="Baseball" source="manual">
    <box frame="11" keyframe="1" outside="0" occluded="0" xtl="1582.19" ytl="1599.48" xbr="1629.77" ybr="1642.30" z_order="0">
      <attribute name="moving">false</attribute>
    </box>
    <box frame="12" keyframe="1" outside="1" occluded="0" xtl="1582.19" ytl="1599.48" xbr="1629.77" ybr="1642.30" z_order="0">
      <attribute name="moving">false</attribute>
    </box>
  </track>
  <track id="24" label="Baseball" source="manual">
    <box frame="11" keyframe="1" outside="0" occluded="0" xtl="1583.78" ytl="1569.35" xbr="1629.77" ybr="1604.24" z_order="0">
      <attribute name="moving">false</attribute>
    </box>
    <box frame="12" keyframe="1" outside="1" occluded="0" xtl="1583.78" ytl="1569.35" xbr="1629.77" ybr="1604.24" z_order="0">
      <attribute name="moving">false</attribute>
    </box>
  </track>
  <track id="25" label="Baseball" source="manual">
    <box frame="12" keyframe="1" outside="0" occluded="0" xtl="1582.19" ytl="1599.48" xbr="1629.77" ybr="1642.30" z_order="0">
      <attribute name="moving">false</attribute>
    </box>
    <box frame="13" keyframe="1" outside="1" occluded="0" xtl="1582.19" ytl="1599.48" xbr="1629.77" ybr="1642.30" z_order="0">
      <attribute name="moving">false</attribute>
    </box>
  </track>
  <track id="26" label="Baseball" source="manual">
    <box frame="12" keyframe="1" outside="0" occluded="0" xtl="1583.78" ytl="1569.35" xbr="1629.77" ybr="1604.24" z_order="0">
      <attribute name="moving">false</attribute>
    </box>
    <box frame="13" keyframe="1" outside="1" occluded="0" xtl="1583.78" ytl="1569.35" xbr="1629.77" ybr="1604.24" z_order="0">
      <attribute name="moving">false</attribute>
    </box>
  </track>
  <track id="27" label="Baseball" source="manual">
    <box frame="13" keyframe="1" outside="0" occluded="0" xtl="1582.19" ytl="1599.48" xbr="1629.77" ybr="1642.30" z_order="0">
      <attribute name="moving">false</attribute>
    </box>
    <box frame="14" keyframe="1" outside="1" occluded="0" xtl="1582.19" ytl="1599.48" xbr="1629.77" ybr="1642.30" z_order="0">
      <attribute name="moving">false</attribute>
    </box>
  </track>
  <track id="28" label="Baseball" source="manual">
    <box frame="13" keyframe="1" outside="0" occluded="0" xtl="1583.78" ytl="1569.35" xbr="1629.77" ybr="1604.24" z_order="0">
      <attribute name="moving">false</attribute>
    </box>
    <box frame="14" keyframe="1" outside="1" occluded="0" xtl="1583.78" ytl="1569.35" xbr="1629.77" ybr="1604.24" z_order="0">
      <attribute name="moving">false</attribute>
    </box>
  </track>
  <track id="29" label="Baseball" source="manual">
    <box frame="14" keyframe="1" outside="0" occluded="0" xtl="1582.19" ytl="1599.48" xbr="1629.77" ybr="1642.30" z_order="0">
      <attribute name="moving">false</attribute>
    </box>
    <box frame="15" keyframe="1" outside="1" occluded="0" xtl="1582.19" ytl="1599.48" xbr="1629.77" ybr="1642.30" z_order="0">
      <attribute name="moving">false</attribute>
    </box>
  </track>
  <track id="30" label="Baseball" source="manual">
    <box frame="14" keyframe="1" outside="0" occluded="0" xtl="1583.78" ytl="1569.35" xbr="1629.77" ybr="1604.24" z_order="0">
      <attribute name="moving">false</attribute>
    </box>
    <box frame="15" keyframe="1" outside="1" occluded="0" xtl="1583.78" ytl="1569.35" xbr="1629.77" ybr="1604.24" z_order="0">
      <attribute name="moving">false</attribute>
    </box>
  </track>
  <track id="31" label="Baseball" source="manual">
    <box frame="15" keyframe="1" outside="0" occluded="0" xtl="1582.19" ytl="1599.48" xbr="1629.77" ybr="1642.30" z_order="0">
      <attribute name="moving">false</attribute>
    </box>
    <box frame="16" keyframe="1" outside="1" occluded="0" xtl="1582.19" ytl="1599.48" xbr="1629.77" ybr="1642.30" z_order="0">
      <attribute name="moving">false</attribute>
    </box>
  </track>
  <track id="32" label="Baseball" source="manual">
    <box frame="15" keyframe="1" outside="0" occluded="0" xtl="1583.78" ytl="1569.35" xbr="1629.77" ybr="1604.24" z_order="0">
      <attribute name="moving">false</attribute>
    </box>
    <box frame="16" keyframe="1" outside="1" occluded="0" xtl="1583.78" ytl="1569.35" xbr="1629.77" ybr="1604.24" z_order="0">
      <attribute name="moving">false</attribute>
    </box>
  </track>
  <track id="33" label="Baseball" source="manual">
    <box frame="16" keyframe="1" outside="0" occluded="0" xtl="1582.19" ytl="1599.48" xbr="1629.77" ybr="1642.30" z_order="0">
      <attribute name="moving">false</attribute>
    </box>
    <box frame="17" keyframe="1" outside="1" occluded="0" xtl="1582.19" ytl="1599.48" xbr="1629.77" ybr="1642.30" z_order="0">
      <attribute name="moving">false</attribute>
    </box>
  </track>
  <track id="34" label="Baseball" source="manual">
    <box frame="16" keyframe="1" outside="0" occluded="0" xtl="1583.78" ytl="1569.35" xbr="1629.77" ybr="1604.24" z_order="0">
      <attribute name="moving">false</attribute>
    </box>
    <box frame="17" keyframe="1" outside="1" occluded="0" xtl="1583.78" ytl="1569.35" xbr="1629.77" ybr="1604.24" z_order="0">
      <attribute name="moving">false</attribute>
    </box>
  </track>
  <track id="35" label="Baseball" source="manual">
    <box frame="17" keyframe="1" outside="0" occluded="0" xtl="1582.19" ytl="1599.48" xbr="1629.77" ybr="1642.30" z_order="0">
      <attribute name="moving">false</attribute>
    </box>
    <box frame="18" keyframe="1" outside="1" occluded="0" xtl="1582.19" ytl="1599.48" xbr="1629.77" ybr="1642.30" z_order="0">
      <attribute name="moving">false</attribute>
    </box>
  </track>
  <track id="36" label="Baseball" source="manual">
    <box frame="17" keyframe="1" outside="0" occluded="0" xtl="1583.78" ytl="1569.35" xbr="1629.77" ybr="1604.24" z_order="0">
      <attribute name="moving">false</attribute>
    </box>
    <box frame="18" keyframe="1" outside="1" occluded="0" xtl="1583.78" ytl="1569.35" xbr="1629.77" ybr="1604.24" z_order="0">
      <attribute name="moving">false</attribute>
    </box>
  </track>
  <track id="37" label="Baseball" source="manual">
    <box frame="18" keyframe="1" outside="0" occluded="0" xtl="1582.19" ytl="1599.48" xbr="1629.77" ybr="1642.30" z_order="0">
      <attribute name="moving">false</attribute>
    </box>
    <box frame="19" keyframe="1" outside="1" occluded="0" xtl="1582.19" ytl="1599.48" xbr="1629.77" ybr="1642.30" z_order="0">
      <attribute name="moving">false</attribute>
    </box>
  </track>
  <track id="38" label="Baseball" source="manual">
    <box frame="18" keyframe="1" outside="0" occluded="0" xtl="1583.78" ytl="1569.35" xbr="1629.77" ybr="1604.24" z_order="0">
      <attribute name="moving">false</attribute>
    </box>
    <box frame="19" keyframe="1" outside="1" occluded="0" xtl="1583.78" ytl="1569.35" xbr="1629.77" ybr="1604.24" z_order="0">
      <attribute name="moving">false</attribute>
    </box>
  </track>
  <track id="39" label="Baseball" source="manual">
    <box frame="19" keyframe="1" outside="0" occluded="0" xtl="1582.19" ytl="1599.48" xbr="1629.77" ybr="1642.30" z_order="0">
      <attribute name="moving">false</attribute>
    </box>
    <box frame="20" keyframe="1" outside="1" occluded="0" xtl="1582.19" ytl="1599.48" xbr="1629.77" ybr="1642.30" z_order="0">
      <attribute name="moving">false</attribute>
    </box>
  </track>
  <track id="40" label="Baseball" source="manual">
    <box frame="19" keyframe="1" outside="0" occluded="0" xtl="1583.78" ytl="1569.35" xbr="1629.77" ybr="1604.24" z_order="0">
      <attribute name="moving">false</attribute>
    </box>
    <box frame="20" keyframe="1" outside="1" occluded="0" xtl="1583.78" ytl="1569.35" xbr="1629.77" ybr="1604.24" z_order="0">
      <attribute name="moving">false</attribute>
    </box>
  </track>
  <track id="41" label="Baseball" source="manual">
    <box frame="20" keyframe="1" outside="0" occluded="0" xtl="1582.19" ytl="1599.48" xbr="1629.77" ybr="1642.30" z_order="0">
      <attribute name="moving">false</attribute>
    </box>
    <box frame="21" keyframe="1" outside="1" occluded="0" xtl="1582.19" ytl="1599.48" xbr="1629.77" ybr="1642.30" z_order="0">
      <attribute name="moving">false</attribute>
    </box>
  </track>
  <track id="42" label="Baseball" source="manual">
    <box frame="20" keyframe="1" outside="0" occluded="0" xtl="1583.78" ytl="1569.35" xbr="1629.77" ybr="1604.24" z_order="0">
      <attribute name="moving">false</attribute>
    </box>
    <box frame="21" keyframe="1" outside="1" occluded="0" xtl="1583.78" ytl="1569.35" xbr="1629.77" ybr="1604.24" z_order="0">
      <attribute name="moving">false</attribute>
    </box>
  </track>
  <track id="43" label="Baseball" source="manual">
    <box frame="21" keyframe="1" outside="0" occluded="0" xtl="1582.19" ytl="1599.48" xbr="1629.77" ybr="1642.30" z_order="0">
      <attribute name="moving">false</attribute>
    </box>
    <box frame="22" keyframe="1" outside="1" occluded="0" xtl="1582.19" ytl="1599.48" xbr="1629.77" ybr="1642.30" z_order="0">
      <attribute name="moving">false</attribute>
    </box>
  </track>
  <track id="44" label="Baseball" source="manual">
    <box frame="21" keyframe="1" outside="0" occluded="0" xtl="1583.78" ytl="1569.35" xbr="1629.77" ybr="1604.24" z_order="0">
      <attribute name="moving">false</attribute>
    </box>
    <box frame="22" keyframe="1" outside="1" occluded="0" xtl="1583.78" ytl="1569.35" xbr="1629.77" ybr="1604.24" z_order="0">
      <attribute name="moving">false</attribute>
    </box>
  </track>
  <track id="45" label="Baseball" source="manual">
    <box frame="22" keyframe="1" outside="0" occluded="0" xtl="1582.19" ytl="1599.48" xbr="1629.77" ybr="1642.30" z_order="0">
      <attribute name="moving">false</attribute>
    </box>
    <box frame="23" keyframe="1" outside="1" occluded="0" xtl="1582.19" ytl="1599.48" xbr="1629.77" ybr="1642.30" z_order="0">
      <attribute name="moving">false</attribute>
    </box>
  </track>
  <track id="46" label="Baseball" source="manual">
    <box frame="22" keyframe="1" outside="0" occluded="0" xtl="1583.78" ytl="1569.35" xbr="1629.77" ybr="1604.24" z_order="0">
      <attribute name="moving">false</attribute>
    </box>
    <box frame="23" keyframe="1" outside="1" occluded="0" xtl="1583.78" ytl="1569.35" xbr="1629.77" ybr="1604.24" z_order="0">
      <attribute name="moving">false</attribute>
    </box>
  </track>
  <track id="47" label="Baseball" source="manual">
    <box frame="23" keyframe="1" outside="0" occluded="0" xtl="1582.19" ytl="1599.48" xbr="1629.77" ybr="1642.30" z_order="0">
      <attribute name="moving">false</attribute>
    </box>
    <box frame="24" keyframe="1" outside="1" occluded="0" xtl="1582.19" ytl="1599.48" xbr="1629.77" ybr="1642.30" z_order="0">
      <attribute name="moving">false</attribute>
    </box>
  </track>
  <track id="48" label="Baseball" source="manual">
    <box frame="23" keyframe="1" outside="0" occluded="0" xtl="1583.78" ytl="1569.35" xbr="1629.77" ybr="1604.24" z_order="0">
      <attribute name="moving">false</attribute>
    </box>
    <box frame="24" keyframe="1" outside="1" occluded="0" xtl="1583.78" ytl="1569.35" xbr="1629.77" ybr="1604.24" z_order="0">
      <attribute name="moving">false</attribute>
    </box>
  </track>
  <track id="49" label="Baseball" source="manual">
    <box frame="24" keyframe="1" outside="0" occluded="0" xtl="1582.19" ytl="1599.48" xbr="1629.77" ybr="1642.30" z_order="0">
      <attribute name="moving">false</attribute>
    </box>
    <box frame="25" keyframe="1" outside="1" occluded="0" xtl="1582.19" ytl="1599.48" xbr="1629.77" ybr="1642.30" z_order="0">
      <attribute name="moving">false</attribute>
    </box>
  </track>
  <track id="50" label="Baseball" source="manual">
    <box frame="24" keyframe="1" outside="0" occluded="0" xtl="1583.78" ytl="1569.35" xbr="1629.77" ybr="1604.24" z_order="0">
      <attribute name="moving">false</attribute>
    </box>
    <box frame="25" keyframe="1" outside="1" occluded="0" xtl="1583.78" ytl="1569.35" xbr="1629.77" ybr="1604.24" z_order="0">
      <attribute name="moving">false</attribute>
    </box>
  </track>
  <track id="51" label="Baseball" source="manual">
    <box frame="25" keyframe="1" outside="0" occluded="0" xtl="1582.19" ytl="1599.48" xbr="1629.77" ybr="1642.30" z_order="0">
      <attribute name="moving">false</attribute>
    </box>
    <box frame="26" keyframe="1" outside="1" occluded="0" xtl="1582.19" ytl="1599.48" xbr="1629.77" ybr="1642.30" z_order="0">
      <attribute name="moving">false</attribute>
    </box>
  </track>
  <track id="52" label="Baseball" source="manual">
    <box frame="25" keyframe="1" outside="0" occluded="0" xtl="1583.78" ytl="1569.35" xbr="1629.77" ybr="1604.24" z_order="0">
      <attribute name="moving">false</attribute>
    </box>
    <box frame="26" keyframe="1" outside="1" occluded="0" xtl="1583.78" ytl="1569.35" xbr="1629.77" ybr="1604.24" z_order="0">
      <attribute name="moving">false</attribute>
    </box>
  </track>
  <track id="53" label="Baseball" source="manual">
    <box frame="26" keyframe="1" outside="0" occluded="0" xtl="1582.19" ytl="1599.48" xbr="1629.77" ybr="1642.30" z_order="0">
      <attribute name="moving">false</attribute>
    </box>
    <box frame="27" keyframe="1" outside="1" occluded="0" xtl="1582.19" ytl="1599.48" xbr="1629.77" ybr="1642.30" z_order="0">
      <attribute name="moving">false</attribute>
    </box>
  </track>
  <track id="54" label="Baseball" source="manual">
    <box frame="26" keyframe="1" outside="0" occluded="0" xtl="1583.78" ytl="1569.35" xbr="1629.77" ybr="1604.24" z_order="0">
      <attribute name="moving">false</attribute>
    </box>
    <box frame="27" keyframe="1" outside="1" occluded="0" xtl="1583.78" ytl="1569.35" xbr="1629.77" ybr="1604.24" z_order="0">
      <attribute name="moving">false</attribute>
    </box>
  </track>
  <track id="55" label="Baseball" source="manual">
    <box frame="27" keyframe="1" outside="0" occluded="0" xtl="1582.19" ytl="1599.48" xbr="1629.77" ybr="1642.30" z_order="0">
      <attribute name="moving">false</attribute>
    </box>
    <box frame="28" keyframe="1" outside="1" occluded="0" xtl="1582.19" ytl="1599.48" xbr="1629.77" ybr="1642.30" z_order="0">
      <attribute name="moving">false</attribute>
    </box>
  </track>
  <track id="56" label="Baseball" source="manual">
    <box frame="27" keyframe="1" outside="0" occluded="0" xtl="1583.78" ytl="1569.35" xbr="1629.77" ybr="1604.24" z_order="0">
      <attribute name="moving">false</attribute>
    </box>
    <box frame="28" keyframe="1" outside="1" occluded="0" xtl="1583.78" ytl="1569.35" xbr="1629.77" ybr="1604.24" z_order="0">
      <attribute name="moving">false</attribute>
    </box>
  </track>
  <track id="57" label="Baseball" source="manual">
    <box frame="28" keyframe="1" outside="0" occluded="0" xtl="1582.19" ytl="1599.48" xbr="1629.77" ybr="1642.30" z_order="0">
      <attribute name="moving">false</attribute>
    </box>
    <box frame="29" keyframe="1" outside="1" occluded="0" xtl="1582.19" ytl="1599.48" xbr="1629.77" ybr="1642.30" z_order="0">
      <attribute name="moving">false</attribute>
    </box>
  </track>
  <track id="58" label="Baseball" source="manual">
    <box frame="28" keyframe="1" outside="0" occluded="0" xtl="1583.78" ytl="1569.35" xbr="1629.77" ybr="1604.24" z_order="0">
      <attribute name="moving">false</attribute>
    </box>
    <box frame="29" keyframe="1" outside="1" occluded="0" xtl="1583.78" ytl="1569.35" xbr="1629.77" ybr="1604.24" z_order="0">
      <attribute name="moving">false</attribute>
    </box>
  </track>
  <track id="59" label="Baseball" source="manual">
    <box frame="29" keyframe="1" outside="0" occluded="0" xtl="1582.19" ytl="1599.48" xbr="1629.77" ybr="1642.30" z_order="0">
      <attribute name="moving">false</attribute>
    </box>
    <box frame="30" keyframe="1" outside="1" occluded="0" xtl="1582.19" ytl="1599.48" xbr="1629.77" ybr="1642.30" z_order="0">
      <attribute name="moving">false</attribute>
    </box>
  </track>
  <track id="60" label="Baseball" source="manual">
    <box frame="29" keyframe="1" outside="0" occluded="0" xtl="1583.78" ytl="1569.35" xbr="1629.77" ybr="1604.24" z_order="0">
      <attribute name="moving">false</attribute>
    </box>
    <box frame="30" keyframe="1" outside="1" occluded="0" xtl="1583.78" ytl="1569.35" xbr="1629.77" ybr="1604.24" z_order="0">
      <attribute name="moving">false</attribute>
    </box>
  </track>
  <track id="61" label="Baseball" source="manual">
    <box frame="30" keyframe="1" outside="0" occluded="0" xtl="1582.19" ytl="1599.48" xbr="1629.77" ybr="1642.30" z_order="0">
      <attribute name="moving">false</attribute>
    </box>
    <box frame="31" keyframe="1" outside="1" occluded="0" xtl="1582.19" ytl="1599.48" xbr="1629.77" ybr="1642.30" z_order="0">
      <attribute name="moving">false</attribute>
    </box>
  </track>
  <track id="62" label="Baseball" source="manual">
    <box frame="30" keyframe="1" outside="0" occluded="0" xtl="1583.78" ytl="1569.35" xbr="1629.77" ybr="1604.24" z_order="0">
      <attribute name="moving">false</attribute>
    </box>
    <box frame="31" keyframe="1" outside="1" occluded="0" xtl="1583.78" ytl="1569.35" xbr="1629.77" ybr="1604.24" z_order="0">
      <attribute name="moving">false</attribute>
    </box>
  </track>
  <track id="63" label="Baseball" source="manual">
    <box frame="31" keyframe="1" outside="0" occluded="0" xtl="1582.19" ytl="1599.48" xbr="1629.77" ybr="1642.30" z_order="0">
      <attribute name="moving">false</attribute>
    </box>
    <box frame="32" keyframe="1" outside="1" occluded="0" xtl="1582.19" ytl="1599.48" xbr="1629.77" ybr="1642.30" z_order="0">
      <attribute name="moving">false</attribute>
    </box>
  </track>
  <track id="64" label="Baseball" source="manual">
    <box frame="31" keyframe="1" outside="0" occluded="0" xtl="1583.78" ytl="1569.35" xbr="1629.77" ybr="1604.24" z_order="0">
      <attribute name="moving">false</attribute>
    </box>
    <box frame="32" keyframe="1" outside="1" occluded="0" xtl="1583.78" ytl="1569.35" xbr="1629.77" ybr="1604.24" z_order="0">
      <attribute name="moving">false</attribute>
    </box>
  </track>
  <track id="65" label="Baseball" source="manual">
    <box frame="32" keyframe="1" outside="0" occluded="0" xtl="1582.19" ytl="1599.48" xbr="1629.77" ybr="1642.30" z_order="0">
      <attribute name="moving">false</attribute>
    </box>
    <box frame="33" keyframe="1" outside="1" occluded="0" xtl="1582.19" ytl="1599.48" xbr="1629.77" ybr="1642.30" z_order="0">
      <attribute name="moving">false</attribute>
    </box>
  </track>
  <track id="66" label="Baseball" source="manual">
    <box frame="32" keyframe="1" outside="0" occluded="0" xtl="1583.78" ytl="1569.35" xbr="1629.77" ybr="1604.24" z_order="0">
      <attribute name="moving">false</attribute>
    </box>
    <box frame="33" keyframe="1" outside="1" occluded="0" xtl="1583.78" ytl="1569.35" xbr="1629.77" ybr="1604.24" z_order="0">
      <attribute name="moving">false</attribute>
    </box>
  </track>
  <track id="67" label="Baseball" source="manual">
    <box frame="33" keyframe="1" outside="0" occluded="0" xtl="1582.19" ytl="1599.48" xbr="1629.77" ybr="1642.30" z_order="0">
      <attribute name="moving">false</attribute>
    </box>
    <box frame="34" keyframe="1" outside="1" occluded="0" xtl="1582.19" ytl="1599.48" xbr="1629.77" ybr="1642.30" z_order="0">
      <attribute name="moving">false</attribute>
    </box>
  </track>
  <track id="68" label="Baseball" source="manual">
    <box frame="33" keyframe="1" outside="0" occluded="0" xtl="1583.78" ytl="1569.35" xbr="1629.77" ybr="1604.24" z_order="0">
      <attribute name="moving">false</attribute>
    </box>
    <box frame="34" keyframe="1" outside="1" occluded="0" xtl="1583.78" ytl="1569.35" xbr="1629.77" ybr="1604.24" z_order="0">
      <attribute name="moving">false</attribute>
    </box>
  </track>
  <track id="69" label="Baseball" source="manual">
    <box frame="34" keyframe="1" outside="0" occluded="0" xtl="1582.19" ytl="1599.48" xbr="1629.77" ybr="1642.30" z_order="0">
      <attribute name="moving">false</attribute>
    </box>
    <box frame="35" keyframe="1" outside="1" occluded="0" xtl="1582.19" ytl="1599.48" xbr="1629.77" ybr="1642.30" z_order="0">
      <attribute name="moving">false</attribute>
    </box>
  </track>
  <track id="70" label="Baseball" source="manual">
    <box frame="34" keyframe="1" outside="0" occluded="0" xtl="1583.78" ytl="1569.35" xbr="1629.77" ybr="1604.24" z_order="0">
      <attribute name="moving">false</attribute>
    </box>
    <box frame="35" keyframe="1" outside="1" occluded="0" xtl="1583.78" ytl="1569.35" xbr="1629.77" ybr="1604.24" z_order="0">
      <attribute name="moving">false</attribute>
    </box>
  </track>
  <track id="71" label="Baseball" source="manual">
    <box frame="35" keyframe="1" outside="0" occluded="0" xtl="1582.19" ytl="1599.48" xbr="1629.77" ybr="1642.30" z_order="0">
      <attribute name="moving">false</attribute>
    </box>
    <box frame="36" keyframe="1" outside="1" occluded="0" xtl="1582.19" ytl="1599.48" xbr="1629.77" ybr="1642.30" z_order="0">
      <attribute name="moving">false</attribute>
    </box>
  </track>
  <track id="72" label="Baseball" source="manual">
    <box frame="35" keyframe="1" outside="0" occluded="0" xtl="1583.78" ytl="1569.35" xbr="1629.77" ybr="1604.24" z_order="0">
      <attribute name="moving">false</attribute>
    </box>
    <box frame="36" keyframe="1" outside="1" occluded="0" xtl="1583.78" ytl="1569.35" xbr="1629.77" ybr="1604.24" z_order="0">
      <attribute name="moving">false</attribute>
    </box>
  </track>
  <track id="73" label="Baseball" source="manual">
    <box frame="36" keyframe="1" outside="0" occluded="0" xtl="1582.19" ytl="1599.48" xbr="1629.77" ybr="1642.30" z_order="0">
      <attribute name="moving">false</attribute>
    </box>
    <box frame="37" keyframe="1" outside="1" occluded="0" xtl="1582.19" ytl="1599.48" xbr="1629.77" ybr="1642.30" z_order="0">
      <attribute name="moving">false</attribute>
    </box>
  </track>
  <track id="74" label="Baseball" source="manual">
    <box frame="36" keyframe="1" outside="0" occluded="0" xtl="1583.78" ytl="1569.35" xbr="1629.77" ybr="1604.24" z_order="0">
      <attribute name="moving">false</attribute>
    </box>
    <box frame="37" keyframe="1" outside="1" occluded="0" xtl="1583.78" ytl="1569.35" xbr="1629.77" ybr="1604.24" z_order="0">
      <attribute name="moving">false</attribute>
    </box>
  </track>
  <track id="75" label="Baseball" source="manual">
    <box frame="37" keyframe="1" outside="0" occluded="0" xtl="1582.19" ytl="1599.48" xbr="1629.77" ybr="1642.30" z_order="0">
      <attribute name="moving">false</attribute>
    </box>
    <box frame="38" keyframe="1" outside="1" occluded="0" xtl="1582.19" ytl="1599.48" xbr="1629.77" ybr="1642.30" z_order="0">
      <attribute name="moving">false</attribute>
    </box>
  </track>
  <track id="76" label="Baseball" source="manual">
    <box frame="37" keyframe="1" outside="0" occluded="0" xtl="1583.78" ytl="1569.35" xbr="1629.77" ybr="1604.24" z_order="0">
      <attribute name="moving">false</attribute>
    </box>
    <box frame="38" keyframe="1" outside="1" occluded="0" xtl="1583.78" ytl="1569.35" xbr="1629.77" ybr="1604.24" z_order="0">
      <attribute name="moving">false</attribute>
    </box>
  </track>
  <track id="77" label="Baseball" source="manual">
    <box frame="38" keyframe="1" outside="0" occluded="0" xtl="1582.19" ytl="1599.48" xbr="1629.77" ybr="1642.30" z_order="0">
      <attribute name="moving">false</attribute>
    </box>
    <box frame="39" keyframe="1" outside="1" occluded="0" xtl="1582.19" ytl="1599.48" xbr="1629.77" ybr="1642.30" z_order="0">
      <attribute name="moving">false</attribute>
    </box>
  </track>
  <track id="78" label="Baseball" source="manual">
    <box frame="38" keyframe="1" outside="0" occluded="0" xtl="1583.78" ytl="1569.35" xbr="1629.77" ybr="1604.24" z_order="0">
      <attribute name="moving">false</attribute>
    </box>
    <box frame="39" keyframe="1" outside="1" occluded="0" xtl="1583.78" ytl="1569.35" xbr="1629.77" ybr="1604.24" z_order="0">
      <attribute name="moving">false</attribute>
    </box>
  </track>
  <track id="79" label="Baseball" source="manual">
    <box frame="39" keyframe="1" outside="0" occluded="0" xtl="1582.19" ytl="1599.48" xbr="1629.77" ybr="1642.30" z_order="0">
      <attribute name="moving">false</attribute>
    </box>
    <box frame="40" keyframe="1" outside="1" occluded="0" xtl="1582.19" ytl="1599.48" xbr="1629.77" ybr="1642.30" z_order="0">
      <attribute name="moving">false</attribute>
    </box>
  </track>
  <track id="80" label="Baseball" source="manual">
    <box frame="39" keyframe="1" outside="0" occluded="0" xtl="1583.78" ytl="1569.35" xbr="1629.77" ybr="1604.24" z_order="0">
      <attribute name="moving">false</attribute>
    </box>
    <box frame="40" keyframe="1" outside="1" occluded="0" xtl="1583.78" ytl="1569.35" xbr="1629.77" ybr="1604.24" z_order="0">
      <attribute name="moving">false</attribute>
    </box>
  </track>
  <track id="81" label="Baseball" source="manual">
    <box frame="40" keyframe="1" outside="0" occluded="0" xtl="1582.19" ytl="1599.48" xbr="1629.77" ybr="1642.30" z_order="0">
      <attribute name="moving">false</attribute>
    </box>
    <box frame="41" keyframe="1" outside="1" occluded="0" xtl="1582.19" ytl="1599.48" xbr="1629.77" ybr="1642.30" z_order="0">
      <attribute name="moving">false</attribute>
    </box>
  </track>
  <track id="82" label="Baseball" source="manual">
    <box frame="40" keyframe="1" outside="0" occluded="0" xtl="1583.78" ytl="1569.35" xbr="1629.77" ybr="1604.24" z_order="0">
      <attribute name="moving">false</attribute>
    </box>
    <box frame="41" keyframe="1" outside="1" occluded="0" xtl="1583.78" ytl="1569.35" xbr="1629.77" ybr="1604.24" z_order="0">
      <attribute name="moving">false</attribute>
    </box>
  </track>
  <track id="83" label="Baseball" source="manual">
    <box frame="41" keyframe="1" outside="0" occluded="0" xtl="1582.19" ytl="1599.48" xbr="1629.77" ybr="1642.30" z_order="0">
      <attribute name="moving">false</attribute>
    </box>
    <box frame="42" keyframe="1" outside="1" occluded="0" xtl="1582.19" ytl="1599.48" xbr="1629.77" ybr="1642.30" z_order="0">
      <attribute name="moving">false</attribute>
    </box>
  </track>
  <track id="84" label="Baseball" source="manual">
    <box frame="41" keyframe="1" outside="0" occluded="0" xtl="1583.78" ytl="1569.35" xbr="1629.77" ybr="1604.24" z_order="0">
      <attribute name="moving">false</attribute>
    </box>
    <box frame="42" keyframe="1" outside="1" occluded="0" xtl="1583.78" ytl="1569.35" xbr="1629.77" ybr="1604.24" z_order="0">
      <attribute name="moving">false</attribute>
    </box>
  </track>
  <track id="85" label="Baseball" source="manual">
    <box frame="42" keyframe="1" outside="0" occluded="0" xtl="1582.19" ytl="1599.48" xbr="1629.77" ybr="1642.30" z_order="0">
      <attribute name="moving">false</attribute>
    </box>
    <box frame="43" keyframe="1" outside="1" occluded="0" xtl="1582.19" ytl="1599.48" xbr="1629.77" ybr="1642.30" z_order="0">
      <attribute name="moving">false</attribute>
    </box>
  </track>
  <track id="86" label="Baseball" source="manual">
    <box frame="42" keyframe="1" outside="0" occluded="0" xtl="1583.78" ytl="1569.35" xbr="1629.77" ybr="1604.24" z_order="0">
      <attribute name="moving">false</attribute>
    </box>
    <box frame="43" keyframe="1" outside="1" occluded="0" xtl="1583.78" ytl="1569.35" xbr="1629.77" ybr="1604.24" z_order="0">
      <attribute name="moving">false</attribute>
    </box>
  </track>
  <track id="87" label="Baseball" source="manual">
    <box frame="43" keyframe="1" outside="0" occluded="0" xtl="1582.19" ytl="1599.48" xbr="1629.77" ybr="1642.30" z_order="0">
      <attribute name="moving">false</attribute>
    </box>
    <box frame="44" keyframe="1" outside="1" occluded="0" xtl="1582.19" ytl="1599.48" xbr="1629.77" ybr="1642.30" z_order="0">
      <attribute name="moving">false</attribute>
    </box>
  </track>
  <track id="88" label="Baseball" source="manual">
    <box frame="43" keyframe="1" outside="0" occluded="0" xtl="1583.78" ytl="1569.35" xbr="1629.77" ybr="1604.24" z_order="0">
      <attribute name="moving">false</attribute>
    </box>
    <box frame="44" keyframe="1" outside="1" occluded="0" xtl="1583.78" ytl="1569.35" xbr="1629.77" ybr="1604.24" z_order="0">
      <attribute name="moving">false</attribute>
    </box>
  </track>
  <track id="89" label="Baseball" source="manual">
    <box frame="44" keyframe="1" outside="0" occluded="0" xtl="1582.19" ytl="1599.48" xbr="1629.77" ybr="1642.30" z_order="0">
      <attribute name="moving">false</attribute>
    </box>
    <box frame="45" keyframe="1" outside="1" occluded="0" xtl="1582.19" ytl="1599.48" xbr="1629.77" ybr="1642.30" z_order="0">
      <attribute name="moving">false</attribute>
    </box>
  </track>
  <track id="90" label="Baseball" source="manual">
    <box frame="44" keyframe="1" outside="0" occluded="0" xtl="1583.78" ytl="1569.35" xbr="1629.77" ybr="1604.24" z_order="0">
      <attribute name="moving">false</attribute>
    </box>
    <box frame="45" keyframe="1" outside="1" occluded="0" xtl="1583.78" ytl="1569.35" xbr="1629.77" ybr="1604.24" z_order="0">
      <attribute name="moving">false</attribute>
    </box>
  </track>
  <track id="91" label="Baseball" source="manual">
    <box frame="45" keyframe="1" outside="0" occluded="0" xtl="1582.19" ytl="1599.48" xbr="1629.77" ybr="1642.30" z_order="0">
      <attribute name="moving">false</attribute>
    </box>
    <box frame="46" keyframe="1" outside="1" occluded="0" xtl="1582.19" ytl="1599.48" xbr="1629.77" ybr="1642.30" z_order="0">
      <attribute name="moving">false</attribute>
    </box>
  </track>
  <track id="92" label="Baseball" source="manual">
    <box frame="45" keyframe="1" outside="0" occluded="0" xtl="1583.78" ytl="1569.35" xbr="1629.77" ybr="1604.24" z_order="0">
      <attribute name="moving">false</attribute>
    </box>
    <box frame="46" keyframe="1" outside="1" occluded="0" xtl="1583.78" ytl="1569.35" xbr="1629.77" ybr="1604.24" z_order="0">
      <attribute name="moving">false</attribute>
    </box>
  </track>
  <track id="93" label="Baseball" source="manual">
    <box frame="46" keyframe="1" outside="0" occluded="0" xtl="1582.19" ytl="1599.48" xbr="1629.77" ybr="1642.30" z_order="0">
      <attribute name="moving">false</attribute>
    </box>
    <box frame="47" keyframe="1" outside="1" occluded="0" xtl="1582.19" ytl="1599.48" xbr="1629.77" ybr="1642.30" z_order="0">
      <attribute name="moving">false</attribute>
    </box>
  </track>
  <track id="94" label="Baseball" source="manual">
    <box frame="46" keyframe="1" outside="0" occluded="0" xtl="1583.78" ytl="1569.35" xbr="1629.77" ybr="1604.24" z_order="0">
      <attribute name="moving">false</attribute>
    </box>
    <box frame="47" keyframe="1" outside="1" occluded="0" xtl="1583.78" ytl="1569.35" xbr="1629.77" ybr="1604.24" z_order="0">
      <attribute name="moving">false</attribute>
    </box>
  </track>
  <track id="95" label="Baseball" source="manual">
    <box frame="47" keyframe="1" outside="0" occluded="0" xtl="1582.19" ytl="1599.48" xbr="1629.77" ybr="1642.30" z_order="0">
      <attribute name="moving">false</attribute>
    </box>
    <box frame="48" keyframe="1" outside="1" occluded="0" xtl="1582.19" ytl="1599.48" xbr="1629.77" ybr="1642.30" z_order="0">
      <attribute name="moving">false</attribute>
    </box>
  </track>
  <track id="96" label="Baseball" source="manual">
    <box frame="47" keyframe="1" outside="0" occluded="0" xtl="1583.78" ytl="1569.35" xbr="1629.77" ybr="1604.24" z_order="0">
      <attribute name="moving">false</attribute>
    </box>
    <box frame="48" keyframe="1" outside="1" occluded="0" xtl="1583.78" ytl="1569.35" xbr="1629.77" ybr="1604.24" z_order="0">
      <attribute name="moving">false</attribute>
    </box>
  </track>
  <track id="97" label="Baseball" source="manual">
    <box frame="48" keyframe="1" outside="0" occluded="0" xtl="1582.19" ytl="1599.48" xbr="1629.77" ybr="1642.30" z_order="0">
      <attribute name="moving">false</attribute>
    </box>
    <box frame="49" keyframe="1" outside="1" occluded="0" xtl="1582.19" ytl="1599.48" xbr="1629.77" ybr="1642.30" z_order="0">
      <attribute name="moving">false</attribute>
    </box>
  </track>
  <track id="98" label="Baseball" source="manual">
    <box frame="48" keyframe="1" outside="0" occluded="0" xtl="1583.78" ytl="1569.35" xbr="1629.77" ybr="1604.24" z_order="0">
      <attribute name="moving">false</attribute>
    </box>
    <box frame="49" keyframe="1" outside="1" occluded="0" xtl="1583.78" ytl="1569.35" xbr="1629.77" ybr="1604.24" z_order="0">
      <attribute name="moving">false</attribute>
    </box>
  </track>
  <track id="99" label="Baseball" source="manual">
    <box frame="49" keyframe="1" outside="0" occluded="0" xtl="1582.19" ytl="1599.48" xbr="1629.77" ybr="1642.30" z_order="0">
      <attribute name="moving">false</attribute>
    </box>
    <box frame="50" keyframe="1" outside="1" occluded="0" xtl="1582.19" ytl="1599.48" xbr="1629.77" ybr="1642.30" z_order="0">
      <attribute name="moving">false</attribute>
    </box>
  </track>
  <track id="100" label="Baseball" source="manual">
    <box frame="49" keyframe="1" outside="0" occluded="0" xtl="1583.78" ytl="1569.35" xbr="1629.77" ybr="1604.24" z_order="0">
      <attribute name="moving">false</attribute>
    </box>
    <box frame="50" keyframe="1" outside="1" occluded="0" xtl="1583.78" ytl="1569.35" xbr="1629.77" ybr="1604.24" z_order="0">
      <attribute name="moving">false</attribute>
    </box>
  </track>
  <track id="101" label="Baseball" source="manual">
    <box frame="50" keyframe="1" outside="0" occluded="0" xtl="1582.19" ytl="1599.48" xbr="1629.77" ybr="1642.30" z_order="0">
      <attribute name="moving">false</attribute>
    </box>
    <box frame="51" keyframe="1" outside="1" occluded="0" xtl="1582.19" ytl="1599.48" xbr="1629.77" ybr="1642.30" z_order="0">
      <attribute name="moving">false</attribute>
    </box>
  </track>
  <track id="102" label="Baseball" source="manual">
    <box frame="50" keyframe="1" outside="0" occluded="0" xtl="1583.78" ytl="1569.35" xbr="1629.77" ybr="1604.24" z_order="0">
      <attribute name="moving">false</attribute>
    </box>
    <box frame="51" keyframe="1" outside="1" occluded="0" xtl="1583.78" ytl="1569.35" xbr="1629.77" ybr="1604.24" z_order="0">
      <attribute name="moving">false</attribute>
    </box>
  </track>
  <track id="103" label="Baseball" source="manual">
    <box frame="51" keyframe="1" outside="0" occluded="0" xtl="1582.19" ytl="1599.48" xbr="1629.77" ybr="1642.30" z_order="0">
      <attribute name="moving">false</attribute>
    </box>
    <box frame="52" keyframe="1" outside="1" occluded="0" xtl="1582.19" ytl="1599.48" xbr="1629.77" ybr="1642.30" z_order="0">
      <attribute name="moving">false</attribute>
    </box>
  </track>
  <track id="104" label="Baseball" source="manual">
    <box frame="51" keyframe="1" outside="0" occluded="0" xtl="1583.78" ytl="1569.35" xbr="1629.77" ybr="1604.24" z_order="0">
      <attribute name="moving">false</attribute>
    </box>
    <box frame="52" keyframe="1" outside="1" occluded="0" xtl="1583.78" ytl="1569.35" xbr="1629.77" ybr="1604.24" z_order="0">
      <attribute name="moving">false</attribute>
    </box>
  </track>
  <track id="105" label="Baseball" source="manual">
    <box frame="52" keyframe="1" outside="0" occluded="0" xtl="1582.19" ytl="1599.48" xbr="1629.77" ybr="1642.30" z_order="0">
      <attribute name="moving">false</attribute>
    </box>
    <box frame="53" keyframe="1" outside="1" occluded="0" xtl="1582.19" ytl="1599.48" xbr="1629.77" ybr="1642.30" z_order="0">
      <attribute name="moving">false</attribute>
    </box>
  </track>
  <track id="106" label="Baseball" source="manual">
    <box frame="52" keyframe="1" outside="0" occluded="0" xtl="1583.78" ytl="1569.35" xbr="1629.77" ybr="1604.24" z_order="0">
      <attribute name="moving">false</attribute>
    </box>
    <box frame="53" keyframe="1" outside="1" occluded="0" xtl="1583.78" ytl="1569.35" xbr="1629.77" ybr="1604.24" z_order="0">
      <attribute name="moving">false</attribute>
    </box>
  </track>
  <track id="107" label="Baseball" source="manual">
    <box frame="53" keyframe="1" outside="0" occluded="0" xtl="1582.19" ytl="1599.48" xbr="1629.77" ybr="1642.30" z_order="0">
      <attribute name="moving">false</attribute>
    </box>
  </track>
  <track id="108" label="Baseball" source="manual">
    <box frame="53" keyframe="1" outside="0" occluded="0" xtl="1583.78" ytl="1569.35" xbr="1629.77" ybr="1604.24" z_order="0">
      <attribute name="moving">false</attribute>
    </box>
  </track>
  <track id="109" label="Baseball" source="manual">
    <box frame="54" keyframe="1" outside="0" occluded="0" xtl="1582.19" ytl="1599.48" xbr="1629.77" ybr="1642.30" z_order="0">
      <attribute name="moving">false</attribute>
    </box>
  </track>
  <track id="110" label="Baseball" source="manual">
    <box frame="54" keyframe="1" outside="0" occluded="0" xtl="1583.78" ytl="1569.35" xbr="1629.77" ybr="1604.24" z_order="0">
      <attribute name="moving">false</attribute>
    </box>
  </track>
</annotations>
